"","Channel","Condition","Light_status","mean_sleep_per_ind"
"1","adj_Monitor20_ch8","57713_M_1","Day",0.806712962962963
"2","adj_Monitor72_ch25","66945_F_1","Day",0.512731481481482
"3","adj_Monitor75_ch4","55690_M_1","Day",0.727083333333333
"4","adj_Monitor67_ch6","57713_F_1","Day",0.282638888888889
"5","adj_Monitor1_ch1","67422_M_1","Day",0.872916666666667
"6","adj_Monitor60_ch21","66945_M_1","Day",0.844907407407407
"7","adj_Monitor16_ch18","67422_F_1","Day",0.487037037037037
"8","adj_Monitor1_ch28","67422_M_1","Day",0.750462962962963
"9","adj_Monitor77_ch23","64498_F_1","Day",0.468287037037037
"10","adj_Monitor6_ch2","53328_F_1","Day",0.356944444444444
"11","adj_Monitor54_ch11","82983_F_1","Day",0.580324074074074
"12","adj_Monitor5_ch10","80387_F_1","Day",0.799074074074074
"13","adj_Monitor67_ch10","57713_F_1","Day",0.417824074074074
"14","adj_Monitor60_ch24","66945_M_1","Day",0.828935185185185
"15","adj_Monitor6_ch22","53328_F_1","Day",0.438194444444444
"16","adj_Monitor59_ch15","55690_F_1","Day",1
"17","adj_Monitor8_ch12","56014_M_1","Day",0.531481481481481
"18","adj_Monitor77_ch6","64498_F_1","Day",0.410185185185185
"19","adj_Monitor8_ch29","56014_M_1","Day",0.597453703703704
"20","adj_Monitor1_ch22","67422_M_1","Day",0.9
"21","adj_Monitor2_ch1","53328_M_1","Day",0.685416666666667
"22","adj_Monitor2_ch25","53328_M_1","Day",1
"23","adj_Monitor75_ch6","55690_M_1","Day",0.67962962962963
"24","adj_Monitor72_ch24","66945_F_1","Day",0.371296296296296
"25","adj_Monitor24_ch13","TRiPsc_M_1","Day",0.843981481481481
"26","adj_Monitor54_ch30","82983_F_1","Day",0.603009259259259
"27","adj_Monitor67_ch18","57713_F_1","Day",0.313888888888889
"28","adj_Monitor22_ch3","64498_M_1","Day",0.413657407407407
"29","adj_Monitor73_ch19","57380_F_1","Day",0.494212962962963
"30","adj_Monitor17_ch12","82983_M_1","Day",0.828240740740741
"31","adj_Monitor75_ch2","55690_M_1","Day",0.706481481481481
"32","adj_Monitor59_ch23","55690_F_1","Day",0.678703703703704
"33","adj_Monitor56_ch19","62872_M_1","Day",0.600231481481482
"34","adj_Monitor58_ch15","62872_F_1","Day",0.563657407407407
"35","adj_Monitor59_ch6","55690_F_1","Day",0.700694444444444
"36","adj_Monitor1_ch16","67422_M_1","Day",0.921759259259259
"37","adj_Monitor6_ch32","53328_F_1","Day",0.303703703703704
"38","adj_Monitor1_ch11","67422_M_1","Day",0.792824074074074
"39","adj_Monitor60_ch2","66945_M_1","Day",0.681481481481481
"40","adj_Monitor60_ch1","66945_M_1","Day",0.556944444444444
"41","adj_Monitor75_ch17","55690_M_1","Day",0.750231481481481
"42","adj_Monitor77_ch31","64498_F_1","Day",0.338425925925926
"43","adj_Monitor60_ch20","66945_M_1","Day",0.87962962962963
"44","adj_Monitor75_ch9","55690_M_1","Day",0.67962962962963
"45","adj_Monitor2_ch14","53328_M_1","Day",0.628009259259259
"46","adj_Monitor58_ch12","62872_F_1","Day",0.496759259259259
"47","adj_Monitor60_ch3","66945_M_1","Day",0.824768518518519
"48","adj_Monitor5_ch3","80387_F_1","Day",0.68287037037037
"49","adj_Monitor1_ch14","67422_M_1","Day",0.842592592592593
"50","adj_Monitor54_ch10","82983_F_1","Day",0.528703703703704
"51","adj_Monitor18_ch28","80387_M_1","Day",0.671759259259259
"52","adj_Monitor5_ch17","80387_F_1","Day",0.708101851851852
"53","adj_Monitor15_ch26","57380_M_1","Day",0.599074074074074
"54","adj_Monitor58_ch2","62872_F_1","Day",0.431481481481481
"55","adj_Monitor6_ch8","53328_F_1","Day",0.26412037037037
"56","adj_Monitor7_ch21","TRiPsc_F_1","Day",0.615972222222222
"57","adj_Monitor2_ch15","53328_M_1","Day",0.586805555555556
"58","adj_Monitor17_ch10","82983_M_1","Day",0.595601851851852
"59","adj_Monitor8_ch14","56014_M_1","Day",0.631481481481482
"60","adj_Monitor6_ch12","53328_F_1","Day",0.463888888888889
"61","adj_Monitor56_ch13","62872_M_1","Day",0.553703703703704
"62","adj_Monitor67_ch2","57713_F_1","Day",0.443981481481481
"63","adj_Monitor20_ch31","57713_M_1","Day",0.867824074074074
"64","adj_Monitor75_ch16","55690_M_1","Day",0.726157407407407
"65","adj_Monitor16_ch2","67422_F_1","Day",0.442824074074074
"66","adj_Monitor16_ch29","67422_F_1","Day",0.46712962962963
"67","adj_Monitor77_ch17","64498_F_1","Day",0.284953703703704
"68","adj_Monitor7_ch22","TRiPsc_F_1","Day",0.630787037037037
"69","adj_Monitor77_ch30","64498_F_1","Day",0.234722222222222
"70","adj_Monitor22_ch18","64498_M_1","Day",0.685648148148148
"71","adj_Monitor2_ch21","53328_M_1","Day",0.590972222222222
"72","adj_Monitor17_ch2","82983_M_1","Day",0.594212962962963
"73","adj_Monitor60_ch16","66945_M_1","Day",0.741203703703704
"74","adj_Monitor60_ch28","66945_M_1","Day",0.749768518518519
"75","adj_Monitor2_ch3","53328_M_1","Day",0.693518518518519
"76","adj_Monitor16_ch7","67422_F_1","Day",0.485185185185185
"77","adj_Monitor77_ch7","64498_F_1","Day",0.37962962962963
"78","adj_Monitor54_ch31","82983_F_1","Day",0.583564814814815
"79","adj_Monitor18_ch10","80387_M_1","Day",0.672453703703704
"80","adj_Monitor8_ch22","56014_M_1","Day",0.588888888888889
"81","adj_Monitor18_ch31","80387_M_1","Day",0.679861111111111
"82","adj_Monitor54_ch22","82983_F_1","Day",0.653703703703704
"83","adj_Monitor72_ch18","66945_F_1","Day",0.525694444444444
"84","adj_Monitor73_ch3","57380_F_1","Day",0.742592592592593
"85","adj_Monitor5_ch8","80387_F_1","Day",0.784490740740741
"86","adj_Monitor77_ch21","64498_F_1","Day",0.686574074074074
"87","adj_Monitor24_ch30","TRiPsc_M_1","Day",0.648842592592593
"88","adj_Monitor54_ch25","82983_F_1","Day",0.530555555555556
"89","adj_Monitor5_ch12","80387_F_1","Day",0.758333333333333
"90","adj_Monitor54_ch28","82983_F_1","Day",0.61087962962963
"91","adj_Monitor58_ch16","62872_F_1","Day",0.321296296296296
"92","adj_Monitor8_ch30","56014_M_1","Day",0.676851851851852
"93","adj_Monitor67_ch15","57713_F_1","Day",0.561111111111111
"94","adj_Monitor2_ch18","53328_M_1","Day",0.628472222222222
"95","adj_Monitor6_ch5","53328_F_1","Day",0.622916666666667
"96","adj_Monitor77_ch8","64498_F_1","Day",0.261111111111111
"97","adj_Monitor16_ch12","67422_F_1","Day",0.643981481481481
"98","adj_Monitor54_ch15","82983_F_1","Day",0.565046296296296
"99","adj_Monitor67_ch23","57713_F_1","Day",0.578703703703704
"100","adj_Monitor1_ch32","67422_M_1","Day",0.777083333333333
"101","adj_Monitor8_ch6","56014_M_1","Day",0.613657407407407
"102","adj_Monitor18_ch26","80387_M_1","Day",0.826157407407407
"103","adj_Monitor5_ch31","80387_F_1","Day",0.705324074074074
"104","adj_Monitor77_ch1","64498_F_1","Day",0.409490740740741
"105","adj_Monitor54_ch17","82983_F_1","Day",0.414583333333333
"106","adj_Monitor18_ch9","80387_M_1","Day",0.734953703703704
"107","adj_Monitor18_ch11","80387_M_1","Day",0.730787037037037
"108","adj_Monitor22_ch19","64498_M_1","Day",0.58125
"109","adj_Monitor1_ch18","67422_M_1","Day",0.91712962962963
"110","adj_Monitor77_ch10","64498_F_1","Day",0.534722222222222
"111","adj_Monitor17_ch5","82983_M_1","Day",0.672453703703704
"112","adj_Monitor58_ch26","62872_F_1","Day",0.443518518518519
"113","adj_Monitor1_ch23","67422_M_1","Day",0.897222222222222
"114","adj_Monitor73_ch28","57380_F_1","Day",0.759027777777778
"115","adj_Monitor54_ch9","82983_F_1","Day",0.479166666666667
"116","adj_Monitor17_ch22","82983_M_1","Day",0.653935185185185
"117","adj_Monitor16_ch9","67422_F_1","Day",0.711111111111111
"118","adj_Monitor24_ch5","TRiPsc_M_1","Day",0.770833333333333
"119","adj_Monitor54_ch5","82983_F_1","Day",0.661342592592593
"120","adj_Monitor18_ch1","80387_M_1","Day",0.748842592592593
"121","adj_Monitor67_ch16","57713_F_1","Day",0.410416666666667
"122","adj_Monitor77_ch16","64498_F_1","Day",0.490740740740741
"123","adj_Monitor56_ch26","62872_M_1","Day",0.534259259259259
"124","adj_Monitor1_ch17","67422_M_1","Day",0.895601851851852
"125","adj_Monitor58_ch20","62872_F_1","Day",0.221527777777778
"126","adj_Monitor67_ch25","57713_F_1","Day",0.413194444444444
"127","adj_Monitor60_ch4","66945_M_1","Day",0.715046296296296
"128","adj_Monitor58_ch21","62872_F_1","Day",0.281712962962963
"129","adj_Monitor54_ch29","82983_F_1","Day",0.386805555555556
"130","adj_Monitor6_ch28","53328_F_1","Day",0.616898148148148
"131","adj_Monitor22_ch17","64498_M_1","Day",0.680324074074074
"132","adj_Monitor77_ch32","64498_F_1","Day",0.341898148148148
"133","adj_Monitor73_ch24","57380_F_1","Day",0.558101851851852
"134","adj_Monitor56_ch32","62872_M_1","Day",0.636805555555556
"135","adj_Monitor54_ch18","82983_F_1","Day",0.47037037037037
"136","adj_Monitor58_ch27","62872_F_1","Day",0.499305555555556
"137","adj_Monitor58_ch1","62872_F_1","Day",0.342592592592593
"138","adj_Monitor58_ch14","62872_F_1","Day",0.510416666666667
"139","adj_Monitor18_ch24","80387_M_1","Day",0.786342592592593
"140","adj_Monitor6_ch19","53328_F_1","Day",0.813425925925926
"141","adj_Monitor77_ch25","64498_F_1","Day",0.622916666666667
"142","adj_Monitor7_ch15","TRiPsc_F_1","Day",0.502777777777778
"143","adj_Monitor16_ch19","67422_F_1","Day",0.668981481481482
"144","adj_Monitor54_ch2","82983_F_1","Day",0.721759259259259
"145","adj_Monitor60_ch10","66945_M_1","Day",0.803703703703704
"146","adj_Monitor75_ch5","55690_M_1","Day",0.632175925925926
"147","adj_Monitor59_ch18","55690_F_1","Day",0.740277777777778
"148","adj_Monitor22_ch16","64498_M_1","Day",0.527777777777778
"149","adj_Monitor5_ch15","80387_F_1","Day",0.651851851851852
"150","adj_Monitor54_ch12","82983_F_1","Day",0.424074074074074
"151","adj_Monitor8_ch20","56014_M_1","Day",0.676157407407407
"152","adj_Monitor1_ch21","67422_M_1","Day",0.859027777777778
"153","adj_Monitor8_ch13","56014_M_1","Day",0.541435185185185
"154","adj_Monitor2_ch28","53328_M_1","Day",0.731481481481482
"155","adj_Monitor73_ch17","57380_F_1","Day",0.621990740740741
"156","adj_Monitor5_ch26","80387_F_1","Day",0.605092592592593
"157","adj_Monitor18_ch3","80387_M_1","Day",0.546064814814815
"158","adj_Monitor6_ch27","53328_F_1","Day",0.396527777777778
"159","adj_Monitor73_ch21","57380_F_1","Day",0.531944444444444
"160","adj_Monitor20_ch4","57713_M_1","Day",0.720138888888889
"161","adj_Monitor63_ch32","56014_F_1","Day",0.39837962962963
"162","adj_Monitor67_ch5","57713_F_1","Day",0.441898148148148
"163","adj_Monitor67_ch29","57713_F_1","Day",0.483333333333333
"164","adj_Monitor18_ch12","80387_M_1","Day",0.555555555555556
"165","adj_Monitor77_ch3","64498_F_1","Day",0.46412037037037
"166","adj_Monitor1_ch15","67422_M_1","Day",0.840972222222222
"167","adj_Monitor67_ch1","57713_F_1","Day",0.502314814814815
"168","adj_Monitor54_ch16","82983_F_1","Day",0.49375
"169","adj_Monitor18_ch25","80387_M_1","Day",1
"170","adj_Monitor77_ch27","64498_F_1","Day",0.86712962962963
"171","adj_Monitor5_ch24","80387_F_1","Day",0.628703703703704
"172","adj_Monitor22_ch21","64498_M_1","Day",0.54837962962963
"173","adj_Monitor58_ch19","62872_F_1","Day",0.386574074074074
"174","adj_Monitor75_ch7","55690_M_1","Day",0.547685185185185
"175","adj_Monitor1_ch2","67422_M_1","Day",0.785416666666667
"176","adj_Monitor15_ch1","57380_M_1","Day",0.546759259259259
"177","adj_Monitor67_ch13","57713_F_1","Day",0.567592592592593
"178","adj_Monitor17_ch14","82983_M_1","Day",0.791203703703704
"179","adj_Monitor54_ch7","82983_F_1","Day",0.615277777777778
"180","adj_Monitor54_ch3","82983_F_1","Day",0.586805555555556
"181","adj_Monitor20_ch30","57713_M_1","Day",0.788888888888889
"182","adj_Monitor60_ch19","66945_M_1","Day",0.649074074074074
"183","adj_Monitor56_ch30","62872_M_1","Day",0.661111111111111
"184","adj_Monitor58_ch29","62872_F_1","Day",0.315740740740741
"185","adj_Monitor1_ch31","67422_M_1","Day",0.672453703703704
"186","adj_Monitor17_ch15","82983_M_1","Day",0.819444444444444
"187","adj_Monitor22_ch6","64498_M_1","Day",0.445138888888889
"188","adj_Monitor73_ch13","57380_F_1","Day",0.711805555555556
"189","adj_Monitor56_ch8","62872_M_1","Day",0.496064814814815
"190","adj_Monitor18_ch21","80387_M_1","Day",0.647916666666667
"191","adj_Monitor60_ch5","66945_M_1","Day",0.772685185185185
"192","adj_Monitor8_ch3","56014_M_1","Day",0.497453703703704
"193","adj_Monitor2_ch13","53328_M_1","Day",0.578703703703704
"194","adj_Monitor7_ch4","TRiPsc_F_1","Day",0.562731481481481
"195","adj_Monitor5_ch18","80387_F_1","Day",0.778935185185185
"196","adj_Monitor73_ch15","57380_F_1","Day",0.590740740740741
"197","adj_Monitor20_ch29","57713_M_1","Day",0.831712962962963
"198","adj_Monitor16_ch27","67422_F_1","Day",0.619212962962963
"199","adj_Monitor58_ch10","62872_F_1","Day",0.251157407407407
"200","adj_Monitor5_ch30","80387_F_1","Day",0.598842592592593
"201","adj_Monitor56_ch25","62872_M_1","Day",0.573148148148148
"202","adj_Monitor73_ch18","57380_F_1","Day",0.508101851851852
"203","adj_Monitor16_ch14","67422_F_1","Day",0.415972222222222
"204","adj_Monitor73_ch20","57380_F_1","Day",0.769444444444444
"205","adj_Monitor5_ch19","80387_F_1","Day",0.675231481481481
"206","adj_Monitor60_ch25","66945_M_1","Day",0.806481481481481
"207","adj_Monitor2_ch10","53328_M_1","Day",0.66412037037037
"208","adj_Monitor5_ch5","80387_F_1","Day",0.614814814814815
"209","adj_Monitor1_ch27","67422_M_1","Day",0.890277777777778
"210","adj_Monitor2_ch11","53328_M_1","Day",0.647453703703704
"211","adj_Monitor1_ch6","67422_M_1","Day",0.86875
"212","adj_Monitor6_ch10","53328_F_1","Day",0.315740740740741
"213","adj_Monitor56_ch3","62872_M_1","Day",0.441666666666667
"214","adj_Monitor16_ch13","67422_F_1","Day",0.675694444444444
"215","adj_Monitor6_ch21","53328_F_1","Day",0.764351851851852
"216","adj_Monitor5_ch14","80387_F_1","Day",0.941435185185185
"217","adj_Monitor8_ch5","56014_M_1","Day",0.612731481481481
"218","adj_Monitor72_ch23","66945_F_1","Day",0.749074074074074
"219","adj_Monitor7_ch2","TRiPsc_F_1","Day",0.397685185185185
"220","adj_Monitor22_ch7","64498_M_1","Day",0.482407407407407
"221","adj_Monitor15_ch27","57380_M_1","Day",0.735648148148148
"222","adj_Monitor18_ch2","80387_M_1","Day",0.669907407407407
"223","adj_Monitor67_ch27","57713_F_1","Day",0.452314814814815
"224","adj_Monitor73_ch29","57380_F_1","Day",0.612962962962963
"225","adj_Monitor59_ch30","55690_F_1","Day",0.684490740740741
"226","adj_Monitor5_ch7","80387_F_1","Day",0.502083333333333
"227","adj_Monitor63_ch1","56014_F_1","Day",0.45162037037037
"228","adj_Monitor77_ch22","64498_F_1","Day",0.419907407407407
"229","adj_Monitor67_ch4","57713_F_1","Day",0.429398148148148
"230","adj_Monitor67_ch12","57713_F_1","Day",0.808564814814815
"231","adj_Monitor59_ch31","55690_F_1","Day",0.67037037037037
"232","adj_Monitor67_ch22","57713_F_1","Day",0.560416666666667
"233","adj_Monitor5_ch13","80387_F_1","Day",0.883796296296296
"234","adj_Monitor67_ch3","57713_F_1","Day",0.543055555555556
"235","adj_Monitor63_ch18","56014_F_1","Day",0.359259259259259
"236","adj_Monitor56_ch31","62872_M_1","Day",0.654398148148148
"237","adj_Monitor58_ch30","62872_F_1","Day",0.523842592592593
"238","adj_Monitor17_ch26","82983_M_1","Day",0.706018518518518
"239","adj_Monitor18_ch20","80387_M_1","Day",0.677083333333333
"240","adj_Monitor6_ch13","53328_F_1","Day",0.459722222222222
"241","adj_Monitor54_ch21","82983_F_1","Day",0.522916666666667
"242","adj_Monitor8_ch19","56014_M_1","Day",0.629398148148148
"243","adj_Monitor2_ch8","53328_M_1","Day",0.626388888888889
"244","adj_Monitor5_ch6","80387_F_1","Day",0.574768518518519
"245","adj_Monitor20_ch6","57713_M_1","Day",0.705787037037037
"246","adj_Monitor18_ch32","80387_M_1","Day",0.785416666666667
"247","adj_Monitor67_ch14","57713_F_1","Day",0.392361111111111
"248","adj_Monitor16_ch8","67422_F_1","Day",0.70462962962963
"249","adj_Monitor77_ch29","64498_F_1","Day",0.561111111111111
"250","adj_Monitor8_ch17","56014_M_1","Day",0.550231481481481
"251","adj_Monitor59_ch4","55690_F_1","Day",0.611574074074074
"252","adj_Monitor56_ch6","62872_M_1","Day",0.514583333333333
"253","adj_Monitor8_ch11","56014_M_1","Day",0.628009259259259
"254","adj_Monitor54_ch32","82983_F_1","Day",0.458796296296296
"255","adj_Monitor60_ch31","66945_M_1","Day",0.880787037037037
"256","adj_Monitor5_ch2","80387_F_1","Day",0.684490740740741
"257","adj_Monitor56_ch21","62872_M_1","Day",0.617824074074074
"258","adj_Monitor75_ch29","55690_M_1","Day",0.748611111111111
"259","adj_Monitor16_ch11","67422_F_1","Day",0.589351851851852
"260","adj_Monitor5_ch25","80387_F_1","Day",0.633564814814815
"261","adj_Monitor16_ch21","67422_F_1","Day",0.616666666666667
"262","adj_Monitor7_ch5","TRiPsc_F_1","Day",0.462037037037037
"263","adj_Monitor6_ch4","53328_F_1","Day",0.371759259259259
"264","adj_Monitor73_ch1","57380_F_1","Day",0.609722222222222
"265","adj_Monitor24_ch12","TRiPsc_M_1","Day",0.675231481481481
"266","adj_Monitor2_ch17","53328_M_1","Day",0.628703703703704
"267","adj_Monitor24_ch29","TRiPsc_M_1","Day",0.661111111111111
"268","adj_Monitor22_ch23","64498_M_1","Day",0.706018518518518
"269","adj_Monitor77_ch26","64498_F_1","Day",0.347222222222222
"270","adj_Monitor1_ch30","67422_M_1","Day",0.835416666666667
"271","adj_Monitor1_ch24","67422_M_1","Day",0.807638888888889
"272","adj_Monitor58_ch13","62872_F_1","Day",0.493518518518519
"273","adj_Monitor24_ch3","TRiPsc_M_1","Day",0.6875
"274","adj_Monitor18_ch4","80387_M_1","Day",0.692824074074074
"275","adj_Monitor16_ch26","67422_F_1","Day",0.380324074074074
"276","adj_Monitor60_ch18","66945_M_1","Day",0.646990740740741
"277","adj_Monitor73_ch32","57380_F_1","Day",0.561574074074074
"278","adj_Monitor63_ch3","56014_F_1","Day",0.503703703703704
"279","adj_Monitor8_ch7","56014_M_1","Day",0.518287037037037
"280","adj_Monitor5_ch29","80387_F_1","Day",1
"281","adj_Monitor63_ch30","56014_F_1","Day",0.415277777777778
"282","adj_Monitor60_ch9","66945_M_1","Day",0.854166666666667
"283","adj_Monitor56_ch1","62872_M_1","Day",0.633564814814815
"284","adj_Monitor67_ch28","57713_F_1","Day",0.60787037037037
"285","adj_Monitor56_ch23","62872_M_1","Day",0.661111111111111
"286","adj_Monitor60_ch13","66945_M_1","Day",0.646759259259259
"287","adj_Monitor77_ch2","64498_F_1","Day",0.447916666666667
"288","adj_Monitor22_ch10","64498_M_1","Day",0.551388888888889
"289","adj_Monitor77_ch9","64498_F_1","Day",0.454861111111111
"290","adj_Monitor17_ch9","82983_M_1","Day",0.737268518518518
"291","adj_Monitor73_ch5","57380_F_1","Day",0.671064814814815
"292","adj_Monitor17_ch17","82983_M_1","Day",0.578703703703704
"293","adj_Monitor54_ch24","82983_F_1","Day",0.587037037037037
"294","adj_Monitor63_ch31","56014_F_1","Day",0.534490740740741
"295","adj_Monitor72_ch22","66945_F_1","Day",0.698148148148148
"296","adj_Monitor22_ch29","64498_M_1","Day",0.671759259259259
"297","adj_Monitor6_ch18","53328_F_1","Day",0.337268518518519
"298","adj_Monitor22_ch14","64498_M_1","Day",0.5625
"299","adj_Monitor5_ch28","80387_F_1","Day",0.622453703703704
"300","adj_Monitor7_ch18","TRiPsc_F_1","Day",0.527314814814815
"301","adj_Monitor58_ch9","62872_F_1","Day",0.37962962962963
"302","adj_Monitor77_ch20","64498_F_1","Day",0.443287037037037
"303","adj_Monitor54_ch4","82983_F_1","Day",0.495833333333333
"304","adj_Monitor22_ch26","64498_M_1","Day",0.62037037037037
"305","adj_Monitor60_ch17","66945_M_1","Day",0.84375
"306","adj_Monitor54_ch23","82983_F_1","Day",0.67662037037037
"307","adj_Monitor73_ch25","57380_F_1","Day",0.566666666666667
"308","adj_Monitor63_ch25","56014_F_1","Day",0.370833333333333
"309","adj_Monitor6_ch20","53328_F_1","Day",0.575694444444444
"310","adj_Monitor58_ch28","62872_F_1","Day",0.40162037037037
"311","adj_Monitor60_ch7","66945_M_1","Day",0.778703703703704
"312","adj_Monitor77_ch4","64498_F_1","Day",0.278935185185185
"313","adj_Monitor58_ch24","62872_F_1","Day",0.226851851851852
"314","adj_Monitor24_ch8","TRiPsc_M_1","Day",0.683796296296296
"315","adj_Monitor58_ch31","62872_F_1","Day",0.552314814814815
"316","adj_Monitor1_ch25","67422_M_1","Day",0.890740740740741
"317","adj_Monitor17_ch20","82983_M_1","Day",1
"318","adj_Monitor1_ch10","67422_M_1","Day",1
"319","adj_Monitor60_ch22","66945_M_1","Day",0.814583333333333
"320","adj_Monitor67_ch17","57713_F_1","Day",0.37662037037037
"321","adj_Monitor73_ch27","57380_F_1","Day",0.416203703703704
"322","adj_Monitor2_ch30","53328_M_1","Day",0.553703703703704
"323","adj_Monitor72_ch9","66945_F_1","Day",0.711111111111111
"324","adj_Monitor22_ch22","64498_M_1","Day",0.739351851851852
"325","adj_Monitor18_ch16","80387_M_1","Day",0.636342592592593
"326","adj_Monitor24_ch7","TRiPsc_M_1","Day",0.732175925925926
"327","adj_Monitor17_ch4","82983_M_1","Day",0.584027777777778
"328","adj_Monitor1_ch29","67422_M_1","Day",0.770138888888889
"329","adj_Monitor67_ch31","57713_F_1","Day",0.690277777777778
"330","adj_Monitor5_ch20","80387_F_1","Day",0.553240740740741
"331","adj_Monitor67_ch9","57713_F_1","Day",0.519675925925926
"332","adj_Monitor67_ch7","57713_F_1","Day",0.478009259259259
"333","adj_Monitor22_ch5","64498_M_1","Day",0.709953703703704
"334","adj_Monitor16_ch28","67422_F_1","Day",0.46087962962963
"335","adj_Monitor75_ch32","55690_M_1","Day",0.743287037037037
"336","adj_Monitor73_ch30","57380_F_1","Day",0.471064814814815
"337","adj_Monitor60_ch26","66945_M_1","Day",0.790509259259259
"338","adj_Monitor56_ch14","62872_M_1","Day",0.583796296296296
"339","adj_Monitor8_ch26","56014_M_1","Day",0.433333333333333
"340","adj_Monitor8_ch24","56014_M_1","Day",0.651157407407407
"341","adj_Monitor60_ch12","66945_M_1","Day",0.687037037037037
"342","adj_Monitor58_ch17","62872_F_1","Day",0.334722222222222
"343","adj_Monitor7_ch1","TRiPsc_F_1","Day",0.57962962962963
"344","adj_Monitor22_ch24","64498_M_1","Day",0.380555555555556
"345","adj_Monitor6_ch26","53328_F_1","Day",0.200231481481481
"346","adj_Monitor7_ch29","TRiPsc_F_1","Day",0.45
"347","adj_Monitor59_ch7","55690_F_1","Day",0.643287037037037
"348","adj_Monitor8_ch4","56014_M_1","Day",0.561342592592593
"349","adj_Monitor56_ch12","62872_M_1","Day",0.7125
"350","adj_Monitor2_ch26","53328_M_1","Day",0.675462962962963
"351","adj_Monitor18_ch23","80387_M_1","Day",0.671759259259259
"352","adj_Monitor20_ch5","57713_M_1","Day",0.610416666666667
"353","adj_Monitor77_ch24","64498_F_1","Day",0.555324074074074
"354","adj_Monitor15_ch14","57380_M_1","Day",0.697916666666667
"355","adj_Monitor15_ch11","57380_M_1","Day",0.676388888888889
"356","adj_Monitor20_ch3","57713_M_1","Day",0.60787037037037
"357","adj_Monitor15_ch15","57380_M_1","Day",0.643518518518518
"358","adj_Monitor63_ch13","56014_F_1","Day",0.529398148148148
"359","adj_Monitor16_ch10","67422_F_1","Day",0.754166666666667
"360","adj_Monitor22_ch8","64498_M_1","Day",0.61875
"361","adj_Monitor16_ch22","67422_F_1","Day",0.513888888888889
"362","adj_Monitor15_ch30","57380_M_1","Day",0.746296296296296
"363","adj_Monitor16_ch5","67422_F_1","Day",0.604166666666667
"364","adj_Monitor60_ch29","66945_M_1","Day",0.69212962962963
"365","adj_Monitor8_ch25","56014_M_1","Day",0.775
"366","adj_Monitor8_ch15","56014_M_1","Day",0.734953703703704
"367","adj_Monitor75_ch31","55690_M_1","Day",1
"368","adj_Monitor54_ch20","82983_F_1","Day",0.656712962962963
"369","adj_Monitor59_ch10","55690_F_1","Day",0.65
"370","adj_Monitor75_ch8","55690_M_1","Day",0.705092592592593
"371","adj_Monitor54_ch13","82983_F_1","Day",0.468518518518519
"372","adj_Monitor54_ch14","82983_F_1","Day",0.451388888888889
"373","adj_Monitor63_ch26","56014_F_1","Day",0.572453703703704
"374","adj_Monitor8_ch21","56014_M_1","Day",0.6
"375","adj_Monitor18_ch5","80387_M_1","Day",0.734722222222222
"376","adj_Monitor54_ch8","82983_F_1","Day",0.52037037037037
"377","adj_Monitor2_ch31","53328_M_1","Day",0.766435185185185
"378","adj_Monitor73_ch12","57380_F_1","Day",0.470833333333333
"379","adj_Monitor8_ch28","56014_M_1","Day",0.545138888888889
"380","adj_Monitor6_ch31","53328_F_1","Day",0.361111111111111
"381","adj_Monitor24_ch1","TRiPsc_M_1","Day",0.743518518518518
"382","adj_Monitor63_ch11","56014_F_1","Day",0.596296296296296
"383","adj_Monitor72_ch29","66945_F_1","Day",0.471296296296296
"384","adj_Monitor67_ch8","57713_F_1","Day",0.437731481481481
"385","adj_Monitor17_ch16","82983_M_1","Day",0.729398148148148
"386","adj_Monitor17_ch32","82983_M_1","Day",0.671064814814815
"387","adj_Monitor2_ch24","53328_M_1","Day",0.628009259259259
"388","adj_Monitor2_ch32","53328_M_1","Day",0.63125
"389","adj_Monitor24_ch25","TRiPsc_M_1","Day",0.643055555555556
"390","adj_Monitor22_ch12","64498_M_1","Day",0.518287037037037
"391","adj_Monitor72_ch20","66945_F_1","Day",0.756481481481482
"392","adj_Monitor56_ch22","62872_M_1","Day",0.439351851851852
"393","adj_Monitor75_ch20","55690_M_1","Day",0.702777777777778
"394","adj_Monitor73_ch16","57380_F_1","Day",0.594675925925926
"395","adj_Monitor22_ch32","64498_M_1","Day",0.555555555555556
"396","adj_Monitor18_ch29","80387_M_1","Day",0.780092592592593
"397","adj_Monitor15_ch21","57380_M_1","Day",0.819675925925926
"398","adj_Monitor18_ch22","80387_M_1","Day",0.667824074074074
"399","adj_Monitor16_ch31","67422_F_1","Day",0.550231481481481
"400","adj_Monitor56_ch24","62872_M_1","Day",0.461805555555556
"401","adj_Monitor7_ch13","TRiPsc_F_1","Day",0.530092592592593
"402","adj_Monitor7_ch6","TRiPsc_F_1","Day",0.451157407407407
"403","adj_Monitor77_ch11","64498_F_1","Day",0.26875
"404","adj_Monitor75_ch1","55690_M_1","Day",0.816203703703704
"405","adj_Monitor6_ch11","53328_F_1","Day",0.563425925925926
"406","adj_Monitor58_ch8","62872_F_1","Day",0.394907407407407
"407","adj_Monitor18_ch7","80387_M_1","Day",0.738657407407407
"408","adj_Monitor67_ch11","57713_F_1","Day",0.304166666666667
"409","adj_Monitor7_ch14","TRiPsc_F_1","Day",0.464583333333333
"410","adj_Monitor22_ch25","64498_M_1","Day",0.641666666666667
"411","adj_Monitor73_ch22","57380_F_1","Day",0.711805555555556
"412","adj_Monitor77_ch18","64498_F_1","Day",0.491435185185185
"413","adj_Monitor60_ch23","66945_M_1","Day",0.690046296296296
"414","adj_Monitor75_ch27","55690_M_1","Day",0.827546296296296
"415","adj_Monitor5_ch16","80387_F_1","Day",0.66087962962963
"416","adj_Monitor75_ch21","55690_M_1","Day",0.701388888888889
"417","adj_Monitor56_ch9","62872_M_1","Day",0.495138888888889
"418","adj_Monitor17_ch1","82983_M_1","Day",0.875462962962963
"419","adj_Monitor75_ch26","55690_M_1","Day",0.654861111111111
"420","adj_Monitor20_ch24","57713_M_1","Day",0.55787037037037
"421","adj_Monitor24_ch11","TRiPsc_M_1","Day",0.648611111111111
"422","adj_Monitor56_ch20","62872_M_1","Day",0.638888888888889
"423","adj_Monitor63_ch19","56014_F_1","Day",0.346296296296296
"424","adj_Monitor7_ch7","TRiPsc_F_1","Day",0.521990740740741
"425","adj_Monitor24_ch24","TRiPsc_M_1","Day",0.873611111111111
"426","adj_Monitor17_ch28","82983_M_1","Day",0.728703703703704
"427","adj_Monitor16_ch24","67422_F_1","Day",0.380555555555556
"428","adj_Monitor63_ch29","56014_F_1","Day",0.581018518518518
"429","adj_Monitor72_ch21","66945_F_1","Day",0.575
"430","adj_Monitor77_ch12","64498_F_1","Day",0.593055555555556
"431","adj_Monitor73_ch4","57380_F_1","Day",0.775925925925926
"432","adj_Monitor20_ch7","57713_M_1","Day",0.556712962962963
"433","adj_Monitor75_ch28","55690_M_1","Day",0.852546296296296
"434","adj_Monitor58_ch5","62872_F_1","Day",0.275925925925926
"435","adj_Monitor77_ch19","64498_F_1","Day",0.33287037037037
"436","adj_Monitor17_ch21","82983_M_1","Day",0.804398148148148
"437","adj_Monitor59_ch17","55690_F_1","Day",0.516435185185185
"438","adj_Monitor8_ch10","56014_M_1","Day",0.56412037037037
"439","adj_Monitor15_ch22","57380_M_1","Day",0.539351851851852
"440","adj_Monitor1_ch5","67422_M_1","Day",0.625
"441","adj_Monitor72_ch1","66945_F_1","Day",0.555324074074074
"442","adj_Monitor5_ch21","80387_F_1","Day",0.650694444444444
"443","adj_Monitor1_ch20","67422_M_1","Day",0.868287037037037
"444","adj_Monitor22_ch4","64498_M_1","Day",0.799074074074074
"445","adj_Monitor15_ch8","57380_M_1","Day",0.767592592592593
"446","adj_Monitor2_ch27","53328_M_1","Day",0.677546296296296
"447","adj_Monitor60_ch15","66945_M_1","Day",0.562268518518519
"448","adj_Monitor18_ch19","80387_M_1","Day",0.763657407407407
"449","adj_Monitor58_ch25","62872_F_1","Day",0.435648148148148
"450","adj_Monitor8_ch23","56014_M_1","Day",0.385648148148148
"451","adj_Monitor63_ch9","56014_F_1","Day",0.522222222222222
"452","adj_Monitor7_ch32","TRiPsc_F_1","Day",0.580092592592593
"453","adj_Monitor7_ch3","TRiPsc_F_1","Day",0.603935185185185
"454","adj_Monitor18_ch8","80387_M_1","Day",0.680787037037037
"455","adj_Monitor15_ch16","57380_M_1","Day",0.615277777777778
"456","adj_Monitor7_ch19","TRiPsc_F_1","Day",0.652083333333333
"457","adj_Monitor18_ch30","80387_M_1","Day",0.550231481481481
"458","adj_Monitor75_ch18","55690_M_1","Day",0.685416666666667
"459","adj_Monitor6_ch6","53328_F_1","Day",0.282638888888889
"460","adj_Monitor17_ch19","82983_M_1","Day",0.516666666666667
"461","adj_Monitor22_ch31","64498_M_1","Day",0.633101851851852
"462","adj_Monitor67_ch21","57713_F_1","Day",0.401157407407407
"463","adj_Monitor20_ch27","57713_M_1","Day",0.665509259259259
"464","adj_Monitor72_ch28","66945_F_1","Day",0.590277777777778
"465","adj_Monitor2_ch16","53328_M_1","Day",0.630787037037037
"466","adj_Monitor59_ch14","55690_F_1","Day",0.746296296296296
"467","adj_Monitor59_ch3","55690_F_1","Day",0.77662037037037
"468","adj_Monitor2_ch23","53328_M_1","Day",0.626388888888889
"469","adj_Monitor75_ch15","55690_M_1","Day",0.772916666666667
"470","adj_Monitor16_ch6","67422_F_1","Day",0.570601851851852
"471","adj_Monitor22_ch20","64498_M_1","Day",0.716435185185185
"472","adj_Monitor18_ch27","80387_M_1","Day",0.764814814814815
"473","adj_Monitor16_ch17","67422_F_1","Day",0.478935185185185
"474","adj_Monitor63_ch27","56014_F_1","Day",0.53912037037037
"475","adj_Monitor54_ch19","82983_F_1","Day",0.765509259259259
"476","adj_Monitor58_ch4","62872_F_1","Day",1
"477","adj_Monitor63_ch23","56014_F_1","Day",0.517592592592593
"478","adj_Monitor18_ch18","80387_M_1","Day",0.748611111111111
"479","adj_Monitor7_ch12","TRiPsc_F_1","Day",0.530092592592593
"480","adj_Monitor58_ch3","62872_F_1","Day",0.405555555555556
"481","adj_Monitor8_ch18","56014_M_1","Day",0.471527777777778
"482","adj_Monitor2_ch22","53328_M_1","Day",0.519444444444444
"483","adj_Monitor63_ch28","56014_F_1","Day",0.353009259259259
"484","adj_Monitor17_ch30","82983_M_1","Day",0.603009259259259
"485","adj_Monitor16_ch4","67422_F_1","Day",0.616898148148148
"486","adj_Monitor73_ch26","57380_F_1","Day",0.621527777777778
"487","adj_Monitor17_ch13","82983_M_1","Day",0.625694444444444
"488","adj_Monitor73_ch2","57380_F_1","Day",0.697685185185185
"489","adj_Monitor67_ch24","57713_F_1","Day",0.398842592592593
"490","adj_Monitor5_ch9","80387_F_1","Day",0.816435185185185
"491","adj_Monitor60_ch6","66945_M_1","Day",0.775694444444444
"492","adj_Monitor8_ch27","56014_M_1","Day",0.469444444444444
"493","adj_Monitor24_ch22","TRiPsc_M_1","Day",0.624074074074074
"494","adj_Monitor56_ch4","62872_M_1","Day",0.727546296296296
"495","adj_Monitor5_ch11","80387_F_1","Day",0.807175925925926
"496","adj_Monitor56_ch27","62872_M_1","Day",0.557638888888889
"497","adj_Monitor22_ch28","64498_M_1","Day",0.566203703703704
"498","adj_Monitor1_ch12","67422_M_1","Day",0.594675925925926
"499","adj_Monitor63_ch17","56014_F_1","Day",0.309027777777778
"500","adj_Monitor22_ch30","64498_M_1","Day",0.559953703703704
"501","adj_Monitor6_ch9","53328_F_1","Day",0.496990740740741
"502","adj_Monitor63_ch8","56014_F_1","Day",0.477777777777778
"503","adj_Monitor58_ch22","62872_F_1","Day",0.58912037037037
"504","adj_Monitor6_ch30","53328_F_1","Day",0.288888888888889
"505","adj_Monitor75_ch14","55690_M_1","Day",0.808333333333333
"506","adj_Monitor18_ch17","80387_M_1","Day",0.664351851851852
"507","adj_Monitor1_ch13","67422_M_1","Day",0.771064814814815
"508","adj_Monitor17_ch23","82983_M_1","Day",0.774074074074074
"509","adj_Monitor6_ch29","53328_F_1","Day",0.537037037037037
"510","adj_Monitor67_ch19","57713_F_1","Day",0.521990740740741
"511","adj_Monitor15_ch7","57380_M_1","Day",0.666666666666667
"512","adj_Monitor15_ch29","57380_M_1","Day",0.77337962962963
"513","adj_Monitor72_ch7","66945_F_1","Day",0.5625
"514","adj_Monitor63_ch2","56014_F_1","Day",0.611342592592593
"515","adj_Monitor7_ch27","TRiPsc_F_1","Day",0.432638888888889
"516","adj_Monitor75_ch22","55690_M_1","Day",0.741435185185185
"517","adj_Monitor16_ch1","67422_F_1","Day",0.497453703703704
"518","adj_Monitor72_ch13","66945_F_1","Day",0.655324074074074
"519","adj_Monitor24_ch17","TRiPsc_M_1","Day",0.766435185185185
"520","adj_Monitor63_ch10","56014_F_1","Day",0.542824074074074
"521","adj_Monitor59_ch13","55690_F_1","Day",0.512037037037037
"522","adj_Monitor15_ch3","57380_M_1","Day",0.638425925925926
"523","adj_Monitor20_ch13","57713_M_1","Day",0.709490740740741
"524","adj_Monitor56_ch7","62872_M_1","Day",0.508796296296296
"525","adj_Monitor77_ch14","64498_F_1","Day",0.270833333333333
"526","adj_Monitor72_ch19","66945_F_1","Day",0.78912037037037
"527","adj_Monitor20_ch1","57713_M_1","Day",0.572685185185185
"528","adj_Monitor22_ch27","64498_M_1","Day",0.667592592592593
"529","adj_Monitor20_ch32","57713_M_1","Day",0.765046296296296
"530","adj_Monitor6_ch7","53328_F_1","Day",0.503240740740741
"531","adj_Monitor59_ch11","55690_F_1","Day",0.638425925925926
"532","adj_Monitor58_ch11","62872_F_1","Day",0.489814814814815
"533","adj_Monitor77_ch5","64498_F_1","Day",0.340740740740741
"534","adj_Monitor58_ch23","62872_F_1","Day",0.316203703703704
"535","adj_Monitor60_ch30","66945_M_1","Day",0.674768518518518
"536","adj_Monitor7_ch17","TRiPsc_F_1","Day",0.419212962962963
"537","adj_Monitor18_ch6","80387_M_1","Day",0.705555555555556
"538","adj_Monitor18_ch15","80387_M_1","Day",0.758101851851852
"539","adj_Monitor72_ch27","66945_F_1","Day",0.820833333333333
"540","adj_Monitor73_ch11","57380_F_1","Day",0.451388888888889
"541","adj_Monitor72_ch15","66945_F_1","Day",0.447685185185185
"542","adj_Monitor22_ch9","64498_M_1","Day",0.56412037037037
"543","adj_Monitor67_ch30","57713_F_1","Day",0.419212962962963
"544","adj_Monitor24_ch4","TRiPsc_M_1","Day",0.720138888888889
"545","adj_Monitor56_ch28","62872_M_1","Day",0.636342592592593
"546","adj_Monitor77_ch28","64498_F_1","Day",0.409027777777778
"547","adj_Monitor6_ch25","53328_F_1","Day",0.624074074074074
"548","adj_Monitor77_ch13","64498_F_1","Day",0.403935185185185
"549","adj_Monitor24_ch6","TRiPsc_M_1","Day",0.867361111111111
"550","adj_Monitor22_ch11","64498_M_1","Day",0.650231481481481
"551","adj_Monitor73_ch23","57380_F_1","Day",0.636111111111111
"552","adj_Monitor8_ch9","56014_M_1","Day",0.606481481481482
"553","adj_Monitor24_ch18","TRiPsc_M_1","Day",0.852546296296296
"554","adj_Monitor72_ch4","66945_F_1","Day",0.693518518518519
"555","adj_Monitor15_ch25","57380_M_1","Day",0.62962962962963
"556","adj_Monitor75_ch19","55690_M_1","Day",0.650231481481481
"557","adj_Monitor17_ch18","82983_M_1","Day",0.803935185185185
"558","adj_Monitor22_ch2","64498_M_1","Day",0.755555555555556
"559","adj_Monitor24_ch9","TRiPsc_M_1","Day",0.597685185185185
"560","adj_Monitor5_ch27","80387_F_1","Day",0.532175925925926
"561","adj_Monitor16_ch20","67422_F_1","Day",0.674537037037037
"562","adj_Monitor17_ch27","82983_M_1","Day",0.708333333333333
"563","adj_Monitor59_ch5","55690_F_1","Day",0.657175925925926
"564","adj_Monitor7_ch28","TRiPsc_F_1","Day",0.571990740740741
"565","adj_Monitor16_ch23","67422_F_1","Day",0.551157407407407
"566","adj_Monitor59_ch12","55690_F_1","Day",0.525462962962963
"567","adj_Monitor77_ch15","64498_F_1","Day",0.220138888888889
"568","adj_Monitor63_ch4","56014_F_1","Day",0.764583333333333
"569","adj_Monitor54_ch6","82983_F_1","Day",0.525
"570","adj_Monitor24_ch10","TRiPsc_M_1","Day",0.541203703703704
"571","adj_Monitor72_ch6","66945_F_1","Day",0.699074074074074
"572","adj_Monitor17_ch11","82983_M_1","Day",0.741435185185185
"573","adj_Monitor63_ch12","56014_F_1","Day",0.584722222222222
"574","adj_Monitor73_ch31","57380_F_1","Day",0.0613425925925926
"575","adj_Monitor73_ch10","57380_F_1","Day",0.669907407407407
"576","adj_Monitor7_ch24","TRiPsc_F_1","Day",0.436574074074074
"577","adj_Monitor63_ch7","56014_F_1","Day",0.822916666666667
"578","adj_Monitor56_ch15","62872_M_1","Day",0.601157407407407
"579","adj_Monitor15_ch10","57380_M_1","Day",0.860416666666667
"580","adj_Monitor73_ch7","57380_F_1","Day",0.679398148148148
"581","adj_Monitor60_ch11","66945_M_1","Day",0.634259259259259
"582","adj_Monitor59_ch8","55690_F_1","Day",0.654861111111111
"583","adj_Monitor24_ch14","TRiPsc_M_1","Day",0.699305555555556
"584","adj_Monitor20_ch28","57713_M_1","Day",0.698842592592593
"585","adj_Monitor1_ch4","67422_M_1","Day",0.713194444444444
"586","adj_Monitor16_ch32","67422_F_1","Day",0.494907407407407
"587","adj_Monitor60_ch32","66945_M_1","Day",0.440972222222222
"588","adj_Monitor20_ch12","57713_M_1","Day",0.729166666666667
"589","adj_Monitor72_ch17","66945_F_1","Day",0.748148148148148
"590","adj_Monitor67_ch32","57713_F_1","Day",0.37337962962963
"591","adj_Monitor8_ch2","56014_M_1","Day",0.534490740740741
"592","adj_Monitor5_ch32","80387_F_1","Day",0.547916666666667
"593","adj_Monitor15_ch28","57380_M_1","Day",0.689814814814815
"594","adj_Monitor24_ch28","TRiPsc_M_1","Day",0.728472222222222
"595","adj_Monitor7_ch10","TRiPsc_F_1","Day",0.408796296296296
"596","adj_Monitor72_ch16","66945_F_1","Day",0.807175925925926
"597","adj_Monitor59_ch21","55690_F_1","Day",0.687731481481481
"598","adj_Monitor15_ch5","57380_M_1","Day",0.688194444444444
"599","adj_Monitor5_ch23","80387_F_1","Day",0.678009259259259
"600","adj_Monitor54_ch26","82983_F_1","Day",0.584490740740741
"601","adj_Monitor16_ch25","67422_F_1","Day",0.587731481481481
"602","adj_Monitor2_ch12","53328_M_1","Day",0.599305555555556
"603","adj_Monitor73_ch6","57380_F_1","Day",0.578703703703704
"604","adj_Monitor15_ch12","57380_M_1","Day",0.821064814814815
"605","adj_Monitor1_ch3","67422_M_1","Day",0.777546296296296
"606","adj_Monitor15_ch24","57380_M_1","Day",0.771759259259259
"607","adj_Monitor72_ch31","66945_F_1","Day",0.571064814814815
"608","adj_Monitor1_ch8","67422_M_1","Day",0.884490740740741
"609","adj_Monitor72_ch14","66945_F_1","Day",0.610648148148148
"610","adj_Monitor24_ch19","TRiPsc_M_1","Day",0.878703703703704
"611","adj_Monitor67_ch20","57713_F_1","Day",0.526157407407407
"612","adj_Monitor56_ch17","62872_M_1","Day",0.603703703703704
"613","adj_Monitor59_ch32","55690_F_1","Day",0.546064814814815
"614","adj_Monitor75_ch30","55690_M_1","Day",0.57037037037037
"615","adj_Monitor17_ch31","82983_M_1","Day",0.579398148148148
"616","adj_Monitor1_ch9","67422_M_1","Day",0.715277777777778
"617","adj_Monitor2_ch29","53328_M_1","Day",0.533333333333333
"618","adj_Monitor17_ch29","82983_M_1","Day",0.658333333333333
"619","adj_Monitor17_ch24","82983_M_1","Day",0.559259259259259
"620","adj_Monitor20_ch2","57713_M_1","Day",0.558796296296296
"621","adj_Monitor59_ch29","55690_F_1","Day",0.772685185185185
"622","adj_Monitor15_ch23","57380_M_1","Day",0.820601851851852
"623","adj_Monitor16_ch15","67422_F_1","Day",0.502314814814815
"624","adj_Monitor1_ch26","67422_M_1","Day",0.771990740740741
"625","adj_Monitor8_ch31","56014_M_1","Day",0.633796296296296
"626","adj_Monitor6_ch17","53328_F_1","Day",0.506944444444444
"627","adj_Monitor17_ch6","82983_M_1","Day",0.765972222222222
"628","adj_Monitor5_ch4","80387_F_1","Day",0.753240740740741
"629","adj_Monitor24_ch23","TRiPsc_M_1","Day",0.749537037037037
"630","adj_Monitor17_ch7","82983_M_1","Day",0.583333333333333
"631","adj_Monitor20_ch22","57713_M_1","Day",0.675
"632","adj_Monitor16_ch3","67422_F_1","Day",0.57962962962963
"633","adj_Monitor8_ch8","56014_M_1","Day",0.569675925925926
"634","adj_Monitor20_ch25","57713_M_1","Day",0.834490740740741
"635","adj_Monitor24_ch20","TRiPsc_M_1","Day",0.726851851851852
"636","adj_Monitor54_ch1","82983_F_1","Day",0.675231481481481
"637","adj_Monitor18_ch14","80387_M_1","Day",0.775231481481481
"638","adj_Monitor22_ch13","64498_M_1","Day",0.550231481481481
"639","adj_Monitor59_ch28","55690_F_1","Day",0.734953703703704
"640","adj_Monitor63_ch20","56014_F_1","Day",0.562731481481481
"641","adj_Monitor72_ch2","66945_F_1","Day",0.67037037037037
"642","adj_Monitor60_ch8","66945_M_1","Day",0.706944444444444
"643","adj_Monitor24_ch31","TRiPsc_M_1","Day",0.648842592592593
"644","adj_Monitor24_ch2","TRiPsc_M_1","Day",1
"645","adj_Monitor59_ch1","55690_F_1","Day",0.746296296296296
"646","adj_Monitor20_ch21","57713_M_1","Day",0.859259259259259
"647","adj_Monitor72_ch8","66945_F_1","Day",0.541435185185185
"648","adj_Monitor22_ch1","64498_M_1","Day",0.580555555555556
"649","adj_Monitor72_ch26","66945_F_1","Day",0.731712962962963
"650","adj_Monitor1_ch19","67422_M_1","Day",0.849305555555556
"651","adj_Monitor20_ch26","57713_M_1","Day",0.763194444444444
"652","adj_Monitor15_ch19","57380_M_1","Day",0.692592592592593
"653","adj_Monitor6_ch16","53328_F_1","Day",0.493981481481481
"654","adj_Monitor20_ch19","57713_M_1","Day",0.748611111111111
"655","adj_Monitor16_ch16","67422_F_1","Day",0.582175925925926
"656","adj_Monitor60_ch27","66945_M_1","Day",0.684722222222222
"657","adj_Monitor16_ch30","67422_F_1","Day",0.673611111111111
"658","adj_Monitor1_ch7","67422_M_1","Day",0.6875
"659","adj_Monitor8_ch1","56014_M_1","Day",0.578240740740741
"660","adj_Monitor75_ch10","55690_M_1","Day",0.754398148148148
"661","adj_Monitor72_ch3","66945_F_1","Day",0.562962962962963
"662","adj_Monitor24_ch27","TRiPsc_M_1","Day",0.684027777777778
"663","adj_Monitor67_ch26","57713_F_1","Day",0.343518518518519
"664","adj_Monitor7_ch23","TRiPsc_F_1","Day",0.399305555555556
"665","adj_Monitor72_ch11","66945_F_1","Day",0.635648148148148
"666","adj_Monitor20_ch23","57713_M_1","Day",0.780787037037037
"667","adj_Monitor15_ch20","57380_M_1","Day",0.575462962962963
"668","adj_Monitor15_ch18","57380_M_1","Day",0.706712962962963
"669","adj_Monitor20_ch18","57713_M_1","Day",0.698148148148148
"670","adj_Monitor6_ch3","53328_F_1","Day",0.572916666666667
"671","adj_Monitor15_ch9","57380_M_1","Day",0.746527777777778
"672","adj_Monitor20_ch14","57713_M_1","Day",0.730324074074074
"673","adj_Monitor56_ch16","62872_M_1","Day",0.580555555555556
"674","adj_Monitor56_ch2","62872_M_1","Day",0.495601851851852
"675","adj_Monitor73_ch8","57380_F_1","Day",0.65162037037037
"676","adj_Monitor60_ch14","66945_M_1","Day",0.813194444444444
"677","adj_Monitor2_ch9","53328_M_1","Day",0.655092592592593
"678","adj_Monitor15_ch6","57380_M_1","Day",0.638888888888889
"679","adj_Monitor63_ch24","56014_F_1","Day",0.417361111111111
"680","adj_Monitor54_ch27","82983_F_1","Day",0.431712962962963
"681","adj_Monitor15_ch17","57380_M_1","Day",0.646296296296296
"682","adj_Monitor75_ch11","55690_M_1","Day",0.628703703703704
"683","adj_Monitor7_ch30","TRiPsc_F_1","Day",0.47662037037037
"684","adj_Monitor6_ch14","53328_F_1","Day",0.511805555555556
"685","adj_Monitor59_ch25","55690_F_1","Day",0.586805555555556
"686","adj_Monitor7_ch25","TRiPsc_F_1","Day",0.542361111111111
"687","adj_Monitor24_ch26","TRiPsc_M_1","Day",0.844907407407407
"688","adj_Monitor59_ch16","55690_F_1","Day",1
"689","adj_Monitor7_ch16","TRiPsc_F_1","Day",0.612731481481481
"690","adj_Monitor73_ch9","57380_F_1","Day",0.414583333333333
"691","adj_Monitor2_ch7","53328_M_1","Day",0.629861111111111
"692","adj_Monitor58_ch7","62872_F_1","Day",0.278009259259259
"693","adj_Monitor8_ch16","56014_M_1","Day",0.569675925925926
"694","adj_Monitor5_ch22","80387_F_1","Day",0.914814814814815
"695","adj_Monitor63_ch6","56014_F_1","Day",0.368518518518519
"696","adj_Monitor59_ch19","55690_F_1","Day",0.661805555555556
"697","adj_Monitor72_ch30","66945_F_1","Day",0.612037037037037
"698","adj_Monitor59_ch27","55690_F_1","Day",0.569675925925926
"699","adj_Monitor7_ch11","TRiPsc_F_1","Day",0.746759259259259
"700","adj_Monitor56_ch29","62872_M_1","Day",0.544907407407407
"701","adj_Monitor58_ch6","62872_F_1","Day",0.29537037037037
"702","adj_Monitor59_ch24","55690_F_1","Day",0.761574074074074
"703","adj_Monitor15_ch32","57380_M_1","Day",0.577314814814815
"704","adj_Monitor7_ch20","TRiPsc_F_1","Day",0.567361111111111
"705","adj_Monitor20_ch17","57713_M_1","Day",0.588425925925926
"706","adj_Monitor20_ch9","57713_M_1","Day",0.663425925925926
"707","adj_Monitor59_ch20","55690_F_1","Day",0.424074074074074
"708","adj_Monitor7_ch26","TRiPsc_F_1","Day",0.44375
"709","adj_Monitor7_ch31","TRiPsc_F_1","Day",0.527314814814815
"710","adj_Monitor59_ch22","55690_F_1","Day",0.552777777777778
"711","adj_Monitor63_ch15","56014_F_1","Day",0.276851851851852
"712","adj_Monitor63_ch21","56014_F_1","Day",0.413888888888889
"713","adj_Monitor8_ch32","56014_M_1","Day",0.63287037037037
"714","adj_Monitor20_ch16","57713_M_1","Day",0.783101851851852
"715","adj_Monitor72_ch10","66945_F_1","Day",0.748611111111111
"716","adj_Monitor73_ch14","57380_F_1","Day",0.724768518518519
"717","adj_Monitor17_ch3","82983_M_1","Day",0.662962962962963
"718","adj_Monitor15_ch13","57380_M_1","Day",0.583796296296296
"719","adj_Monitor72_ch5","66945_F_1","Day",0.628240740740741
"720","adj_Monitor56_ch18","62872_M_1","Day",0.788194444444444
"721","adj_Monitor15_ch4","57380_M_1","Day",0.545833333333333
"722","adj_Monitor20_ch15","57713_M_1","Day",0.740046296296296
"723","adj_Monitor17_ch8","82983_M_1","Day",0.751388888888889
"724","adj_Monitor22_ch15","64498_M_1","Day",0.613888888888889
"725","adj_Monitor58_ch18","62872_F_1","Day",0.490740740740741
"726","adj_Monitor75_ch13","55690_M_1","Day",0.483796296296296
"727","adj_Monitor63_ch14","56014_F_1","Day",0.564351851851852
"728","adj_Monitor2_ch2","53328_M_1","Day",0.581481481481481
"729","adj_Monitor20_ch11","57713_M_1","Day",0.779166666666667
"730","adj_Monitor56_ch5","62872_M_1","Day",0.519907407407407
"731","adj_Monitor24_ch15","TRiPsc_M_1","Day",0.681712962962963
"732","adj_Monitor56_ch10","62872_M_1","Day",0.540972222222222
"733","adj_Monitor7_ch9","TRiPsc_F_1","Day",0.49375
"734","adj_Monitor15_ch31","57380_M_1","Day",0.74212962962963
"735","adj_Monitor75_ch12","55690_M_1","Day",0.813425925925926
"736","adj_Monitor6_ch23","53328_F_1","Day",0.356712962962963
"737","adj_Monitor75_ch3","55690_M_1","Day",0.875694444444444
"738","adj_Monitor7_ch8","TRiPsc_F_1","Day",0.614814814814815
"739","adj_Monitor75_ch23","55690_M_1","Day",0.716435185185185
"740","adj_Monitor75_ch25","55690_M_1","Day",0.759490740740741
"741","adj_Monitor58_ch32","62872_F_1","Day",0.328935185185185
"742","adj_Monitor72_ch12","66945_F_1","Day",0.600462962962963
"743","adj_Monitor6_ch1","53328_F_1","Day",0.44375
"744","adj_Monitor6_ch15","53328_F_1","Day",0.703009259259259
"745","adj_Monitor2_ch5","53328_M_1","Day",0.74375
"746","adj_Monitor24_ch32","TRiPsc_M_1","Day",0.714814814814815
"747","adj_Monitor72_ch32","66945_F_1","Day",0.510416666666667
"748","adj_Monitor2_ch19","53328_M_1","Day",0.411342592592593
"749","adj_Monitor59_ch9","55690_F_1","Day",0.587962962962963
"750","adj_Monitor15_ch2","57380_M_1","Day",0.579861111111111
"751","adj_Monitor59_ch2","55690_F_1","Day",0.868287037037037
"752","adj_Monitor2_ch20","53328_M_1","Day",0.609722222222222
"753","adj_Monitor56_ch11","62872_M_1","Day",0.545601851851852
"754","adj_Monitor17_ch25","82983_M_1","Day",0.455555555555556
"755","adj_Monitor20_ch20","57713_M_1","Day",0.624537037037037
"756","adj_Monitor63_ch22","56014_F_1","Day",0.487731481481481
"757","adj_Monitor5_ch1","80387_F_1","Day",0.675
"758","adj_Monitor18_ch13","80387_M_1","Day",0.617361111111111
"759","adj_Monitor6_ch24","53328_F_1","Day",0.206481481481481
"760","adj_Monitor63_ch16","56014_F_1","Day",0.328935185185185
"761","adj_Monitor59_ch26","55690_F_1","Day",0.605092592592593
"762","adj_Monitor20_ch10","57713_M_1","Day",0.668287037037037
"763","adj_Monitor2_ch4","53328_M_1","Day",0.740509259259259
"764","adj_Monitor24_ch16","TRiPsc_M_1","Day",0.915046296296296
"765","adj_Monitor24_ch21","TRiPsc_M_1","Day",0.812037037037037
"766","adj_Monitor75_ch24","55690_M_1","Day",0.755092592592593
"767","adj_Monitor63_ch5","56014_F_1","Day",0.647685185185185
"768","adj_Monitor2_ch6","53328_M_1","Day",0.724305555555556
"769","adj_Monitor5_ch16","80387_F_1","Night",0.90917516218721
"770","adj_Monitor72_ch31","66945_F_1","Night",0.944161260426321
"771","adj_Monitor22_ch13","64498_M_1","Night",0.967794253938832
"772","adj_Monitor17_ch26","82983_M_1","Night",0.945319740500463
"773","adj_Monitor58_ch1","62872_F_1","Night",0.93628359592215
"774","adj_Monitor6_ch12","53328_F_1","Night",0.933503243744208
"775","adj_Monitor75_ch16","55690_M_1","Night",0.92516218721038
"776","adj_Monitor6_ch19","53328_F_1","Night",0.97775718257646
"777","adj_Monitor16_ch15","67422_F_1","Night",0.906163113994439
"778","adj_Monitor72_ch4","66945_F_1","Night",0.962696941612604
"779","adj_Monitor2_ch23","53328_M_1","Night",0.938137164040779
"780","adj_Monitor15_ch21","57380_M_1","Night",0.94114921223355
"781","adj_Monitor22_ch12","64498_M_1","Night",0.908248378127896
"782","adj_Monitor63_ch6","56014_F_1","Night",0.959916589434662
"783","adj_Monitor17_ch10","82983_M_1","Night",0.903151065801668
"784","adj_Monitor75_ch10","55690_M_1","Night",0.959684893419833
"785","adj_Monitor24_ch6","TRiPsc_M_1","Night",0.953660797034291
"786","adj_Monitor24_ch25","TRiPsc_M_1","Night",0.878591288229842
"787","adj_Monitor17_ch13","82983_M_1","Night",0.944392956441149
"788","adj_Monitor67_ch24","57713_F_1","Night",0.815106580166821
"789","adj_Monitor54_ch32","82983_F_1","Night",0.852409638554217
"790","adj_Monitor75_ch30","55690_M_1","Night",0.855421686746988
"791","adj_Monitor6_ch21","53328_F_1","Night",0.945088044485635
"792","adj_Monitor54_ch9","82983_F_1","Night",0.816960148285449
"793","adj_Monitor24_ch31","TRiPsc_M_1","Night",0.971733086190917
"794","adj_Monitor8_ch4","56014_M_1","Night",0.949721964782206
"795","adj_Monitor67_ch27","57713_F_1","Night",0.901760889712697
"796","adj_Monitor22_ch10","64498_M_1","Night",0.889017608897127
"797","adj_Monitor24_ch29","TRiPsc_M_1","Night",0.982854494902688
"798","adj_Monitor58_ch11","62872_F_1","Night",0.938832252085264
"799","adj_Monitor1_ch4","67422_M_1","Night",0.894810009267841
"800","adj_Monitor1_ch17","67422_M_1","Night",0.935588507877664
"801","adj_Monitor72_ch22","66945_F_1","Night",0.967794253938832
"802","adj_Monitor15_ch27","57380_M_1","Night",0.922381835032437
"803","adj_Monitor63_ch25","56014_F_1","Night",0.890871177015755
"804","adj_Monitor15_ch5","57380_M_1","Night",0.954819277108434
"805","adj_Monitor15_ch30","57380_M_1","Night",0.957136237256719
"806","adj_Monitor63_ch12","56014_F_1","Night",0.89805375347544
"807","adj_Monitor1_ch12","67422_M_1","Night",0.861214087117702
"808","adj_Monitor24_ch5","TRiPsc_M_1","Night",0.913345690454124
"809","adj_Monitor6_ch28","53328_F_1","Night",0.974745134383689
"810","adj_Monitor24_ch7","TRiPsc_M_1","Night",0.967562557924004
"811","adj_Monitor5_ch1","80387_F_1","Night",0.916357738646895
"812","adj_Monitor60_ch11","66945_M_1","Night",0.941612604263207
"813","adj_Monitor67_ch2","57713_F_1","Night",0.949721964782206
"814","adj_Monitor72_ch25","66945_F_1","Night",0.957367933271548
"815","adj_Monitor7_ch18","TRiPsc_F_1","Night",0.88855421686747
"816","adj_Monitor6_ch29","53328_F_1","Night",0.949258572752549
"817","adj_Monitor15_ch7","57380_M_1","Night",0.970574606116775
"818","adj_Monitor2_ch7","53328_M_1","Night",0.899443929564411
"819","adj_Monitor73_ch32","57380_F_1","Night",0.962001853568119
"820","adj_Monitor15_ch28","57380_M_1","Night",0.957599629286376
"821","adj_Monitor20_ch4","57713_M_1","Night",0.855885078776645
"822","adj_Monitor2_ch25","53328_M_1","Night",1
"823","adj_Monitor6_ch2","53328_F_1","Night",0.948100092678406
"824","adj_Monitor6_ch11","53328_F_1","Night",0.91241890639481
"825","adj_Monitor6_ch13","53328_F_1","Night",0.961538461538462
"826","adj_Monitor6_ch7","53328_F_1","Night",0.942307692307692
"827","adj_Monitor73_ch22","57380_F_1","Night",0.946246524559778
"828","adj_Monitor24_ch30","TRiPsc_M_1","Night",0.969879518072289
"829","adj_Monitor8_ch5","56014_M_1","Night",0.882761816496756
"830","adj_Monitor75_ch21","55690_M_1","Night",0.819508804448563
"831","adj_Monitor18_ch5","80387_M_1","Night",0.92516218721038
"832","adj_Monitor75_ch14","55690_M_1","Night",0.946709916589435
"833","adj_Monitor54_ch26","82983_F_1","Night",0.963623725671918
"834","adj_Monitor15_ch23","57380_M_1","Night",0.974976830398517
"835","adj_Monitor24_ch17","TRiPsc_M_1","Night",0.921686746987952
"836","adj_Monitor20_ch6","57713_M_1","Night",0.940454124189064
"837","adj_Monitor59_ch5","55690_F_1","Night",0.938368860055607
"838","adj_Monitor58_ch4","62872_F_1","Night",1
"839","adj_Monitor59_ch18","55690_F_1","Night",0.895968489341983
"840","adj_Monitor2_ch16","53328_M_1","Night",0.914272474513438
"841","adj_Monitor5_ch7","80387_F_1","Night",0.848470806302132
"842","adj_Monitor1_ch14","67422_M_1","Night",0.949258572752549
"843","adj_Monitor58_ch32","62872_F_1","Night",0.924930491195551
"844","adj_Monitor24_ch24","TRiPsc_M_1","Night",0.969184430027804
"845","adj_Monitor24_ch2","TRiPsc_M_1","Night",1
"846","adj_Monitor58_ch15","62872_F_1","Night",0.938368860055607
"847","adj_Monitor60_ch14","66945_M_1","Night",0.993280815569972
"848","adj_Monitor72_ch13","66945_F_1","Night",0.92678405931418
"849","adj_Monitor2_ch24","53328_M_1","Night",0.863762743280816
"850","adj_Monitor60_ch3","66945_M_1","Night",0.963855421686747
"851","adj_Monitor7_ch28","TRiPsc_F_1","Night",0.938600556070436
"852","adj_Monitor75_ch13","55690_M_1","Night",0.781974050046339
"853","adj_Monitor58_ch18","62872_F_1","Night",0.946941612604263
"854","adj_Monitor63_ch3","56014_F_1","Night",0.977525486561631
"855","adj_Monitor60_ch31","66945_M_1","Night",0.981464318813716
"856","adj_Monitor75_ch29","55690_M_1","Night",0.979610750695088
"857","adj_Monitor22_ch3","64498_M_1","Night",0.946941612604263
"858","adj_Monitor56_ch5","62872_M_1","Night",0.929101019462465
"859","adj_Monitor7_ch3","TRiPsc_F_1","Night",0.918906394810009
"860","adj_Monitor72_ch26","66945_F_1","Night",0.978683966635774
"861","adj_Monitor72_ch14","66945_F_1","Night",0.949258572752549
"862","adj_Monitor75_ch2","55690_M_1","Night",0.987488415199259
"863","adj_Monitor59_ch8","55690_F_1","Night",0.97451343836886
"864","adj_Monitor54_ch5","82983_F_1","Night",0.967562557924004
"865","adj_Monitor15_ch24","57380_M_1","Night",0.944624652455978
"866","adj_Monitor58_ch16","62872_F_1","Night",0.933966635773865
"867","adj_Monitor18_ch3","80387_M_1","Night",0.868860055607044
"868","adj_Monitor56_ch4","62872_M_1","Night",0.916589434661724
"869","adj_Monitor17_ch32","82983_M_1","Night",0.922613531047266
"870","adj_Monitor15_ch2","57380_M_1","Night",0.93790546802595
"871","adj_Monitor72_ch2","66945_F_1","Night",0.936051899907322
"872","adj_Monitor18_ch6","80387_M_1","Night",0.960611677479147
"873","adj_Monitor59_ch17","55690_F_1","Night",0.971733086190917
"874","adj_Monitor16_ch9","67422_F_1","Night",0.937673772011121
"875","adj_Monitor20_ch24","57713_M_1","Night",0.851251158480074
"876","adj_Monitor5_ch13","80387_F_1","Night",0.960379981464319
"877","adj_Monitor67_ch21","57713_F_1","Night",0.851251158480074
"878","adj_Monitor15_ch13","57380_M_1","Night",0.941612604263207
"879","adj_Monitor24_ch8","TRiPsc_M_1","Night",0.958758109360519
"880","adj_Monitor15_ch15","57380_M_1","Night",0.940685820203892
"881","adj_Monitor77_ch31","64498_F_1","Night",0.883225208526413
"882","adj_Monitor7_ch4","TRiPsc_F_1","Night",0.931417979610751
"883","adj_Monitor22_ch30","64498_M_1","Night",0.839434661723818
"884","adj_Monitor54_ch21","82983_F_1","Night",0.869555143651529
"885","adj_Monitor24_ch23","TRiPsc_M_1","Night",0.962233549582947
"886","adj_Monitor24_ch3","TRiPsc_M_1","Night",0.982159406858202
"887","adj_Monitor73_ch13","57380_F_1","Night",0.972428174235403
"888","adj_Monitor59_ch24","55690_F_1","Night",0.959684893419833
"889","adj_Monitor7_ch1","TRiPsc_F_1","Night",0.927942539388322
"890","adj_Monitor58_ch10","62872_F_1","Night",0.942539388322521
"891","adj_Monitor8_ch2","56014_M_1","Night",0.969647822057461
"892","adj_Monitor15_ch20","57380_M_1","Night",0.922381835032437
"893","adj_Monitor75_ch27","55690_M_1","Night",0.847312326227989
"894","adj_Monitor58_ch3","62872_F_1","Night",0.956441149212234
"895","adj_Monitor20_ch28","57713_M_1","Night",0.919833178869323
"896","adj_Monitor17_ch15","82983_M_1","Night",0.961075069508805
"897","adj_Monitor15_ch16","57380_M_1","Night",0.953197405004634
"898","adj_Monitor7_ch30","TRiPsc_F_1","Night",0.925393883225209
"899","adj_Monitor54_ch31","82983_F_1","Night",0.957136237256719
"900","adj_Monitor77_ch9","64498_F_1","Night",0.893883225208526
"901","adj_Monitor7_ch6","TRiPsc_F_1","Night",0.977062094531974
"902","adj_Monitor67_ch25","57713_F_1","Night",0.849860982391103
"903","adj_Monitor17_ch8","82983_M_1","Night",0.911492122335496
"904","adj_Monitor72_ch6","66945_F_1","Night",0.937210379981464
"905","adj_Monitor60_ch29","66945_M_1","Night",0.972428174235403
"906","adj_Monitor2_ch26","53328_M_1","Night",0.937673772011121
"907","adj_Monitor77_ch7","64498_F_1","Night",0.916821130676552
"908","adj_Monitor54_ch23","82983_F_1","Night",0.892261353104727
"909","adj_Monitor16_ch8","67422_F_1","Night",0.896663577386469
"910","adj_Monitor6_ch14","53328_F_1","Night",0.969647822057461
"911","adj_Monitor77_ch12","64498_F_1","Night",0.945319740500463
"912","adj_Monitor2_ch20","53328_M_1","Night",0.95852641334569
"913","adj_Monitor15_ch9","57380_M_1","Night",0.959221501390176
"914","adj_Monitor77_ch25","64498_F_1","Night",0.91241890639481
"915","adj_Monitor6_ch15","53328_F_1","Night",0.93952734012975
"916","adj_Monitor77_ch32","64498_F_1","Night",0.973818350324374
"917","adj_Monitor7_ch32","TRiPsc_F_1","Night",0.948331788693234
"918","adj_Monitor59_ch25","55690_F_1","Night",0.961075069508805
"919","adj_Monitor16_ch29","67422_F_1","Night",0.8725671918443
"920","adj_Monitor75_ch26","55690_M_1","Night",0.923076923076923
"921","adj_Monitor54_ch14","82983_F_1","Night",0.882761816496756
"922","adj_Monitor73_ch12","57380_F_1","Night",0.935820203892493
"923","adj_Monitor16_ch2","67422_F_1","Night",0.897126969416126
"924","adj_Monitor60_ch7","66945_M_1","Night",0.96177015755329
"925","adj_Monitor58_ch5","62872_F_1","Night",0.968489341983318
"926","adj_Monitor20_ch5","57713_M_1","Night",0.898748841519926
"927","adj_Monitor75_ch20","55690_M_1","Night",0.90917516218721
"928","adj_Monitor16_ch20","67422_F_1","Night",0.785449490268767
"929","adj_Monitor7_ch15","TRiPsc_F_1","Night",0.966867469879518
"930","adj_Monitor72_ch28","66945_F_1","Night",0.954124189063948
"931","adj_Monitor24_ch28","TRiPsc_M_1","Night",0.941612604263207
"932","adj_Monitor63_ch29","56014_F_1","Night",0.905236329935125
"933","adj_Monitor5_ch29","80387_F_1","Night",1
"934","adj_Monitor17_ch9","82983_M_1","Night",0.946014828544949
"935","adj_Monitor63_ch20","56014_F_1","Night",0.93952734012975
"936","adj_Monitor59_ch10","55690_F_1","Night",0.958758109360519
"937","adj_Monitor16_ch6","67422_F_1","Night",0.887627432808156
"938","adj_Monitor73_ch8","57380_F_1","Night",0.956904541241891
"939","adj_Monitor8_ch26","56014_M_1","Night",0.925625579240037
"940","adj_Monitor5_ch10","80387_F_1","Night",0.931649675625579
"941","adj_Monitor75_ch15","55690_M_1","Night",0.97451343836886
"942","adj_Monitor59_ch11","55690_F_1","Night",0.924930491195551
"943","adj_Monitor8_ch20","56014_M_1","Night",0.92678405931418
"944","adj_Monitor59_ch15","55690_F_1","Night",1
"945","adj_Monitor8_ch31","56014_M_1","Night",0.974281742354032
"946","adj_Monitor7_ch31","TRiPsc_F_1","Night",0.927942539388322
"947","adj_Monitor22_ch15","64498_M_1","Night",0.864457831325301
"948","adj_Monitor24_ch22","TRiPsc_M_1","Night",0.977988878591288
"949","adj_Monitor56_ch20","62872_M_1","Night",0.921455050973123
"950","adj_Monitor2_ch3","53328_M_1","Night",0.948795180722892
"951","adj_Monitor56_ch14","62872_M_1","Night",0.93466172381835
"952","adj_Monitor8_ch7","56014_M_1","Night",0.968489341983318
"953","adj_Monitor24_ch14","TRiPsc_M_1","Night",0.956672845227062
"954","adj_Monitor1_ch28","67422_M_1","Night",0.903846153846154
"955","adj_Monitor56_ch16","62872_M_1","Night",0.922845227062094
"956","adj_Monitor17_ch20","82983_M_1","Night",1
"957","adj_Monitor16_ch14","67422_F_1","Night",0.911260426320667
"958","adj_Monitor20_ch8","57713_M_1","Night",0.818582020389249
"959","adj_Monitor20_ch29","57713_M_1","Night",0.971501390176089
"960","adj_Monitor72_ch16","66945_F_1","Night",0.969879518072289
"961","adj_Monitor56_ch17","62872_M_1","Night",0.921455050973123
"962","adj_Monitor8_ch8","56014_M_1","Night",0.93790546802595
"963","adj_Monitor18_ch21","80387_M_1","Night",0.929564411492122
"964","adj_Monitor72_ch20","66945_F_1","Night",0.943929564411492
"965","adj_Monitor73_ch2","57380_F_1","Night",0.928174235403151
"966","adj_Monitor63_ch24","56014_F_1","Night",0.935356811862836
"967","adj_Monitor75_ch18","55690_M_1","Night",0.981232622798888
"968","adj_Monitor18_ch27","80387_M_1","Night",0.951343836886006
"969","adj_Monitor8_ch9","56014_M_1","Night",0.923308619091752
"970","adj_Monitor7_ch12","TRiPsc_F_1","Night",0.916589434661724
"971","adj_Monitor1_ch16","67422_M_1","Night",0.968257645968489
"972","adj_Monitor7_ch13","TRiPsc_F_1","Night",0.887395736793327
"973","adj_Monitor72_ch27","66945_F_1","Night",0.982159406858202
"974","adj_Monitor20_ch10","57713_M_1","Night",0.931649675625579
"975","adj_Monitor17_ch21","82983_M_1","Night",0.911028730305839
"976","adj_Monitor63_ch13","56014_F_1","Night",0.940917516218721
"977","adj_Monitor73_ch17","57380_F_1","Night",0.932344763670065
"978","adj_Monitor17_ch14","82983_M_1","Night",0.939295644114921
"979","adj_Monitor56_ch11","62872_M_1","Night",0.897822057460612
"980","adj_Monitor24_ch27","TRiPsc_M_1","Night",0.931881371640408
"981","adj_Monitor6_ch5","53328_F_1","Night",0.954587581093605
"982","adj_Monitor56_ch27","62872_M_1","Night",0.958989805375348
"983","adj_Monitor1_ch7","67422_M_1","Night",0.877896200185357
"984","adj_Monitor60_ch5","66945_M_1","Night",0.960379981464319
"985","adj_Monitor8_ch6","56014_M_1","Night",0.941612604263207
"986","adj_Monitor60_ch22","66945_M_1","Night",0.934198331788693
"987","adj_Monitor56_ch28","62872_M_1","Night",0.933039851714551
"988","adj_Monitor15_ch8","57380_M_1","Night",0.945551436515292
"989","adj_Monitor56_ch10","62872_M_1","Night",0.937673772011121
"990","adj_Monitor15_ch26","57380_M_1","Night",0.92516218721038
"991","adj_Monitor17_ch7","82983_M_1","Night",0.933271547729379
"992","adj_Monitor54_ch20","82983_F_1","Night",0.960611677479147
"993","adj_Monitor2_ch9","53328_M_1","Night",0.8741890639481
"994","adj_Monitor58_ch29","62872_F_1","Night",0.981927710843373
"995","adj_Monitor8_ch13","56014_M_1","Night",0.901529193697868
"996","adj_Monitor15_ch17","57380_M_1","Night",0.914272474513438
"997","adj_Monitor16_ch13","67422_F_1","Night",0.96177015755329
"998","adj_Monitor20_ch11","57713_M_1","Night",0.896200185356812
"999","adj_Monitor24_ch20","TRiPsc_M_1","Night",0.965245597775718
"1000","adj_Monitor56_ch6","62872_M_1","Night",0.950880444856348
"1001","adj_Monitor59_ch21","55690_F_1","Night",0.97126969416126
"1002","adj_Monitor77_ch3","64498_F_1","Night",0.874884151992586
"1003","adj_Monitor17_ch1","82983_M_1","Night",0.963160333642261
"1004","adj_Monitor24_ch19","TRiPsc_M_1","Night",0.981000926784059
"1005","adj_Monitor56_ch21","62872_M_1","Night",0.878591288229842
"1006","adj_Monitor18_ch15","80387_M_1","Night",0.978220574606117
"1007","adj_Monitor1_ch2","67422_M_1","Night",0.940917516218721
"1008","adj_Monitor58_ch6","62872_F_1","Night",0.916589434661724
"1009","adj_Monitor6_ch3","53328_F_1","Night",0.954124189063948
"1010","adj_Monitor6_ch32","53328_F_1","Night",0.953429101019462
"1011","adj_Monitor22_ch1","64498_M_1","Night",0.960611677479147
"1012","adj_Monitor59_ch7","55690_F_1","Night",0.956904541241891
"1013","adj_Monitor72_ch32","66945_F_1","Night",0.963623725671918
"1014","adj_Monitor7_ch16","TRiPsc_F_1","Night",0.932808155699722
"1015","adj_Monitor15_ch22","57380_M_1","Night",0.91404077849861
"1016","adj_Monitor15_ch3","57380_M_1","Night",0.957367933271548
"1017","adj_Monitor6_ch26","53328_F_1","Night",0.854263206672845
"1018","adj_Monitor7_ch17","TRiPsc_F_1","Night",0.936978683966636
"1019","adj_Monitor59_ch19","55690_F_1","Night",0.935588507877664
"1020","adj_Monitor59_ch16","55690_F_1","Night",1
"1021","adj_Monitor5_ch6","80387_F_1","Night",0.943466172381835
"1022","adj_Monitor6_ch10","53328_F_1","Night",0.908016682113068
"1023","adj_Monitor75_ch1","55690_M_1","Night",0.950880444856348
"1024","adj_Monitor1_ch31","67422_M_1","Night",0.879286376274328
"1025","adj_Monitor75_ch11","55690_M_1","Night",0.946478220574606
"1026","adj_Monitor22_ch14","64498_M_1","Night",0.958989805375348
"1027","adj_Monitor56_ch3","62872_M_1","Night",0.867238183503244
"1028","adj_Monitor60_ch9","66945_M_1","Night",0.925625579240037
"1029","adj_Monitor56_ch8","62872_M_1","Night",0.946014828544949
"1030","adj_Monitor59_ch3","55690_F_1","Night",0.966404077849861
"1031","adj_Monitor22_ch26","64498_M_1","Night",0.890639481000927
"1032","adj_Monitor59_ch6","55690_F_1","Night",0.909406858202039
"1033","adj_Monitor8_ch10","56014_M_1","Night",0.925857275254866
"1034","adj_Monitor18_ch23","80387_M_1","Night",0.940917516218721
"1035","adj_Monitor63_ch18","56014_F_1","Night",0.924235403151066
"1036","adj_Monitor77_ch21","64498_F_1","Night",0.96663577386469
"1037","adj_Monitor7_ch7","TRiPsc_F_1","Night",0.918211306765524
"1038","adj_Monitor15_ch1","57380_M_1","Night",0.952734012974977
"1039","adj_Monitor58_ch25","62872_F_1","Night",0.964550509731233
"1040","adj_Monitor20_ch32","57713_M_1","Night",0.945088044485635
"1041","adj_Monitor59_ch4","55690_F_1","Night",0.986098239110287
"1042","adj_Monitor59_ch29","55690_F_1","Night",0.982159406858202
"1043","adj_Monitor56_ch26","62872_M_1","Night",0.92840593141798
"1044","adj_Monitor24_ch4","TRiPsc_M_1","Night",0.932113067655236
"1045","adj_Monitor73_ch19","57380_F_1","Night",0.956672845227062
"1046","adj_Monitor17_ch12","82983_M_1","Night",0.924930491195551
"1047","adj_Monitor7_ch14","TRiPsc_F_1","Night",0.963160333642261
"1048","adj_Monitor2_ch11","53328_M_1","Night",0.930027803521779
"1049","adj_Monitor15_ch12","57380_M_1","Night",0.98401297497683
"1050","adj_Monitor1_ch27","67422_M_1","Night",0.942075996292864
"1051","adj_Monitor60_ch30","66945_M_1","Night",0.952502316960148
"1052","adj_Monitor73_ch10","57380_F_1","Night",0.959916589434662
"1053","adj_Monitor58_ch28","62872_F_1","Night",0.973818350324374
"1054","adj_Monitor73_ch5","57380_F_1","Night",0.971733086190917
"1055","adj_Monitor72_ch9","66945_F_1","Night",0.954819277108434
"1056","adj_Monitor15_ch19","57380_M_1","Night",0.918906394810009
"1057","adj_Monitor20_ch1","57713_M_1","Night",0.94902687673772
"1058","adj_Monitor8_ch22","56014_M_1","Night",0.965477293790547
"1059","adj_Monitor17_ch3","82983_M_1","Night",0.939063948100093
"1060","adj_Monitor54_ch28","82983_F_1","Night",0.930954587581094
"1061","adj_Monitor59_ch26","55690_F_1","Night",0.969879518072289
"1062","adj_Monitor72_ch11","66945_F_1","Night",0.88531047265987
"1063","adj_Monitor8_ch18","56014_M_1","Night",0.948331788693234
"1064","adj_Monitor1_ch8","67422_M_1","Night",0.935588507877664
"1065","adj_Monitor22_ch19","64498_M_1","Night",0.926088971269694
"1066","adj_Monitor22_ch20","64498_M_1","Night",0.977293790546803
"1067","adj_Monitor18_ch32","80387_M_1","Night",0.968721037998146
"1068","adj_Monitor73_ch20","57380_F_1","Night",0.951112140871177
"1069","adj_Monitor6_ch6","53328_F_1","Night",0.88855421686747
"1070","adj_Monitor5_ch15","80387_F_1","Night",0.95852641334569
"1071","adj_Monitor15_ch18","57380_M_1","Night",0.956904541241891
"1072","adj_Monitor5_ch12","80387_F_1","Night",0.8758109360519
"1073","adj_Monitor8_ch3","56014_M_1","Night",0.961306765523633
"1074","adj_Monitor56_ch18","62872_M_1","Night",0.943929564411492
"1075","adj_Monitor63_ch15","56014_F_1","Night",0.901065801668211
"1076","adj_Monitor77_ch20","64498_F_1","Night",0.938368860055607
"1077","adj_Monitor54_ch29","82983_F_1","Night",0.897590361445783
"1078","adj_Monitor58_ch24","62872_F_1","Night",0.961306765523633
"1079","adj_Monitor6_ch8","53328_F_1","Night",0.959453197405005
"1080","adj_Monitor16_ch22","67422_F_1","Night",0.925393883225209
"1081","adj_Monitor56_ch23","62872_M_1","Night",0.962465245597776
"1082","adj_Monitor2_ch18","53328_M_1","Night",0.946941612604263
"1083","adj_Monitor22_ch25","64498_M_1","Night",0.885542168674699
"1084","adj_Monitor77_ch4","64498_F_1","Night",0.89805375347544
"1085","adj_Monitor59_ch2","55690_F_1","Night",0.968952734012975
"1086","adj_Monitor17_ch23","82983_M_1","Night",0.94114921223355
"1087","adj_Monitor6_ch16","53328_F_1","Night",0.967330861909175
"1088","adj_Monitor1_ch15","67422_M_1","Night",0.965708989805375
"1089","adj_Monitor58_ch7","62872_F_1","Night",0.97126969416126
"1090","adj_Monitor18_ch9","80387_M_1","Night",0.941380908248378
"1091","adj_Monitor18_ch31","80387_M_1","Night",0.930954587581094
"1092","adj_Monitor18_ch17","80387_M_1","Night",0.965940685820204
"1093","adj_Monitor60_ch4","66945_M_1","Night",0.965940685820204
"1094","adj_Monitor20_ch15","57713_M_1","Night",0.904541241890639
"1095","adj_Monitor7_ch10","TRiPsc_F_1","Night",0.903151065801668
"1096","adj_Monitor20_ch18","57713_M_1","Night",0.941844300278035
"1097","adj_Monitor60_ch32","66945_M_1","Night",0.969184430027804
"1098","adj_Monitor73_ch27","57380_F_1","Night",0.96014828544949
"1099","adj_Monitor8_ch25","56014_M_1","Night",0.908480074142725
"1100","adj_Monitor56_ch9","62872_M_1","Night",0.919369786839666
"1101","adj_Monitor63_ch19","56014_F_1","Night",0.942307692307692
"1102","adj_Monitor77_ch22","64498_F_1","Night",0.897126969416126
"1103","adj_Monitor15_ch6","57380_M_1","Night",0.92840593141798
"1104","adj_Monitor67_ch23","57713_F_1","Night",0.908711770157553
"1105","adj_Monitor72_ch7","66945_F_1","Night",0.947173308619092
"1106","adj_Monitor7_ch11","TRiPsc_F_1","Night",0.937442075996293
"1107","adj_Monitor60_ch6","66945_M_1","Night",0.987488415199259
"1108","adj_Monitor77_ch15","64498_F_1","Night",0.946941612604263
"1109","adj_Monitor5_ch14","80387_F_1","Night",0.985403151065802
"1110","adj_Monitor1_ch18","67422_M_1","Night",0.931417979610751
"1111","adj_Monitor58_ch17","62872_F_1","Night",0.955514365152919
"1112","adj_Monitor77_ch18","64498_F_1","Night",0.903151065801668
"1113","adj_Monitor60_ch8","66945_M_1","Night",0.987720111214087
"1114","adj_Monitor54_ch27","82983_F_1","Night",0.93952734012975
"1115","adj_Monitor1_ch19","67422_M_1","Night",0.912650602409639
"1116","adj_Monitor75_ch28","55690_M_1","Night",0.967099165894347
"1117","adj_Monitor15_ch14","57380_M_1","Night",0.94740500463392
"1118","adj_Monitor15_ch29","57380_M_1","Night",0.932808155699722
"1119","adj_Monitor72_ch18","66945_F_1","Night",0.943929564411492
"1120","adj_Monitor18_ch10","80387_M_1","Night",0.983317886932345
"1121","adj_Monitor8_ch16","56014_M_1","Night",0.8725671918443
"1122","adj_Monitor1_ch13","67422_M_1","Night",0.906858202038925
"1123","adj_Monitor16_ch16","67422_F_1","Night",0.882066728452271
"1124","adj_Monitor1_ch25","67422_M_1","Night",0.924467099165894
"1125","adj_Monitor7_ch24","TRiPsc_F_1","Night",0.887859128822984
"1126","adj_Monitor1_ch29","67422_M_1","Night",0.933503243744208
"1127","adj_Monitor22_ch11","64498_M_1","Night",0.945088044485635
"1128","adj_Monitor67_ch15","57713_F_1","Night",0.969879518072289
"1129","adj_Monitor16_ch21","67422_F_1","Night",0.905236329935125
"1130","adj_Monitor2_ch29","53328_M_1","Night",0.960379981464319
"1131","adj_Monitor6_ch18","53328_F_1","Night",0.965245597775718
"1132","adj_Monitor15_ch32","57380_M_1","Night",0.952965708989805
"1133","adj_Monitor2_ch2","53328_M_1","Night",0.963623725671918
"1134","adj_Monitor24_ch15","TRiPsc_M_1","Night",0.978683966635774
"1135","adj_Monitor22_ch24","64498_M_1","Night",0.957136237256719
"1136","adj_Monitor17_ch2","82983_M_1","Night",0.928869323447637
"1137","adj_Monitor63_ch23","56014_F_1","Night",0.90291936978684
"1138","adj_Monitor56_ch1","62872_M_1","Night",0.903846153846154
"1139","adj_Monitor8_ch27","56014_M_1","Night",0.946941612604263
"1140","adj_Monitor24_ch12","TRiPsc_M_1","Night",0.967330861909175
"1141","adj_Monitor2_ch17","53328_M_1","Night",0.954819277108434
"1142","adj_Monitor72_ch3","66945_F_1","Night",0.896200185356812
"1143","adj_Monitor63_ch22","56014_F_1","Night",0.959221501390176
"1144","adj_Monitor5_ch19","80387_F_1","Night",0.936515291936979
"1145","adj_Monitor63_ch16","56014_F_1","Night",0.923076923076923
"1146","adj_Monitor75_ch24","55690_M_1","Night",0.976598702502317
"1147","adj_Monitor58_ch27","62872_F_1","Night",0.909406858202039
"1148","adj_Monitor17_ch4","82983_M_1","Night",0.917052826691381
"1149","adj_Monitor54_ch13","82983_F_1","Night",0.806765523632993
"1150","adj_Monitor59_ch1","55690_F_1","Night",0.950417052826691
"1151","adj_Monitor72_ch24","66945_F_1","Night",0.906626506024096
"1152","adj_Monitor60_ch26","66945_M_1","Night",0.90291936978684
"1153","adj_Monitor59_ch28","55690_F_1","Night",0.979842446709917
"1154","adj_Monitor7_ch21","TRiPsc_F_1","Night",0.967099165894347
"1155","adj_Monitor67_ch20","57713_F_1","Night",0.97289156626506
"1156","adj_Monitor56_ch25","62872_M_1","Night",0.881139944392956
"1157","adj_Monitor6_ch4","53328_F_1","Night",0.91079703429101
"1158","adj_Monitor8_ch11","56014_M_1","Night",0.948100092678406
"1159","adj_Monitor5_ch31","80387_F_1","Night",0.941844300278035
"1160","adj_Monitor17_ch25","82983_M_1","Night",0.921455050973123
"1161","adj_Monitor17_ch27","82983_M_1","Night",0.894114921223355
"1162","adj_Monitor22_ch23","64498_M_1","Night",0.978915662650602
"1163","adj_Monitor63_ch26","56014_F_1","Night",0.89643188137164
"1164","adj_Monitor6_ch23","53328_F_1","Night",0.964550509731233
"1165","adj_Monitor73_ch21","57380_F_1","Night",0.90129749768304
"1166","adj_Monitor7_ch29","TRiPsc_F_1","Night",0.956209453197405
"1167","adj_Monitor2_ch12","53328_M_1","Night",0.964782205746061
"1168","adj_Monitor16_ch11","67422_F_1","Night",0.972659870250232
"1169","adj_Monitor24_ch18","TRiPsc_M_1","Night",0.967330861909175
"1170","adj_Monitor17_ch16","82983_M_1","Night",0.907553290083411
"1171","adj_Monitor77_ch17","64498_F_1","Night",0.919601482854495
"1172","adj_Monitor8_ch19","56014_M_1","Night",0.931417979610751
"1173","adj_Monitor67_ch6","57713_F_1","Night",0.920064874884152
"1174","adj_Monitor75_ch12","55690_M_1","Night",0.958294717330862
"1175","adj_Monitor63_ch31","56014_F_1","Night",0.978220574606117
"1176","adj_Monitor75_ch3","55690_M_1","Night",0.933039851714551
"1177","adj_Monitor59_ch13","55690_F_1","Night",0.965477293790547
"1178","adj_Monitor72_ch29","66945_F_1","Night",0.931417979610751
"1179","adj_Monitor17_ch24","82983_M_1","Night",0.933734939759036
"1180","adj_Monitor20_ch16","57713_M_1","Night",0.931649675625579
"1181","adj_Monitor7_ch26","TRiPsc_F_1","Night",0.941380908248378
"1182","adj_Monitor72_ch15","66945_F_1","Night",0.907089898053754
"1183","adj_Monitor22_ch31","64498_M_1","Night",0.970111214087118
"1184","adj_Monitor24_ch9","TRiPsc_M_1","Night",0.963855421686747
"1185","adj_Monitor75_ch23","55690_M_1","Night",0.95064874884152
"1186","adj_Monitor16_ch23","67422_F_1","Night",0.888090824837813
"1187","adj_Monitor56_ch24","62872_M_1","Night",0.795875810936052
"1188","adj_Monitor56_ch13","62872_M_1","Night",0.882993512511585
"1189","adj_Monitor1_ch9","67422_M_1","Night",0.979610750695088
"1190","adj_Monitor5_ch8","80387_F_1","Night",0.983086190917516
"1191","adj_Monitor17_ch22","82983_M_1","Night",0.933503243744208
"1192","adj_Monitor24_ch13","TRiPsc_M_1","Night",0.984244670991659
"1193","adj_Monitor22_ch28","64498_M_1","Night",0.948795180722892
"1194","adj_Monitor54_ch24","82983_F_1","Night",0.89643188137164
"1195","adj_Monitor54_ch4","82983_F_1","Night",0.917747914735867
"1196","adj_Monitor6_ch20","53328_F_1","Night",0.953197405004634
"1197","adj_Monitor72_ch30","66945_F_1","Night",0.949953660797034
"1198","adj_Monitor20_ch22","57713_M_1","Night",0.904772937905468
"1199","adj_Monitor73_ch26","57380_F_1","Night",0.962928637627433
"1200","adj_Monitor20_ch21","57713_M_1","Night",0.959221501390176
"1201","adj_Monitor73_ch4","57380_F_1","Night",0.977293790546803
"1202","adj_Monitor73_ch1","57380_F_1","Night",0.955977757182576
"1203","adj_Monitor60_ch12","66945_M_1","Night",0.923308619091752
"1204","adj_Monitor24_ch16","TRiPsc_M_1","Night",0.991890639481001
"1205","adj_Monitor20_ch30","57713_M_1","Night",0.958063021316033
"1206","adj_Monitor75_ch6","55690_M_1","Night",0.871177015755329
"1207","adj_Monitor18_ch14","80387_M_1","Night",0.89805375347544
"1208","adj_Monitor63_ch21","56014_F_1","Night",0.972196478220575
"1209","adj_Monitor56_ch22","62872_M_1","Night",0.85194624652456
"1210","adj_Monitor20_ch7","57713_M_1","Night",0.756487488415199
"1211","adj_Monitor60_ch13","66945_M_1","Night",0.980769230769231
"1212","adj_Monitor75_ch17","55690_M_1","Night",0.940454124189064
"1213","adj_Monitor17_ch19","82983_M_1","Night",0.89805375347544
"1214","adj_Monitor15_ch25","57380_M_1","Night",0.923308619091752
"1215","adj_Monitor6_ch22","53328_F_1","Night",0.894578313253012
"1216","adj_Monitor59_ch22","55690_F_1","Night",0.966404077849861
"1217","adj_Monitor5_ch22","80387_F_1","Night",0.996061167747915
"1218","adj_Monitor58_ch19","62872_F_1","Night",0.954124189063948
"1219","adj_Monitor22_ch32","64498_M_1","Night",0.865616311399444
"1220","adj_Monitor6_ch25","53328_F_1","Night",0.950185356811863
"1221","adj_Monitor73_ch31","57380_F_1","Night",0.930259499536608
"1222","adj_Monitor20_ch12","57713_M_1","Night",0.906626506024096
"1223","adj_Monitor7_ch27","TRiPsc_F_1","Night",0.974976830398517
"1224","adj_Monitor2_ch27","53328_M_1","Night",0.975208526413346
"1225","adj_Monitor59_ch12","55690_F_1","Night",0.895041705282669
"1226","adj_Monitor17_ch29","82983_M_1","Night",0.969184430027804
"1227","adj_Monitor2_ch19","53328_M_1","Night",0.981000926784059
"1228","adj_Monitor63_ch11","56014_F_1","Night",0.922150139017609
"1229","adj_Monitor72_ch1","66945_F_1","Night",0.970111214087118
"1230","adj_Monitor67_ch22","57713_F_1","Night",0.968489341983318
"1231","adj_Monitor8_ch23","56014_M_1","Night",0.906626506024096
"1232","adj_Monitor73_ch15","57380_F_1","Night",0.916357738646895
"1233","adj_Monitor18_ch1","80387_M_1","Night",0.961075069508805
"1234","adj_Monitor15_ch10","57380_M_1","Night",0.96663577386469
"1235","adj_Monitor77_ch27","64498_F_1","Night",0.984708063021316
"1236","adj_Monitor20_ch3","57713_M_1","Night",0.875347544022243
"1237","adj_Monitor8_ch14","56014_M_1","Night",0.935820203892493
"1238","adj_Monitor60_ch28","66945_M_1","Night",0.95852641334569
"1239","adj_Monitor67_ch32","57713_F_1","Night",0.942307692307692
"1240","adj_Monitor63_ch7","56014_F_1","Night",0.950417052826691
"1241","adj_Monitor2_ch6","53328_M_1","Night",0.943234476367007
"1242","adj_Monitor17_ch28","82983_M_1","Night",0.948100092678406
"1243","adj_Monitor63_ch30","56014_F_1","Night",0.945551436515292
"1244","adj_Monitor18_ch24","80387_M_1","Night",0.952502316960148
"1245","adj_Monitor7_ch22","TRiPsc_F_1","Night",0.94114921223355
"1246","adj_Monitor5_ch30","80387_F_1","Night",0.978452270620945
"1247","adj_Monitor16_ch30","67422_F_1","Night",0.926088971269694
"1248","adj_Monitor1_ch30","67422_M_1","Night",0.875347544022243
"1249","adj_Monitor7_ch23","TRiPsc_F_1","Night",0.93628359592215
"1250","adj_Monitor58_ch30","62872_F_1","Night",0.968257645968489
"1251","adj_Monitor16_ch27","67422_F_1","Night",0.92354031510658
"1252","adj_Monitor73_ch7","57380_F_1","Night",0.943002780352178
"1253","adj_Monitor54_ch25","82983_F_1","Night",0.84082483781279
"1254","adj_Monitor67_ch26","57713_F_1","Night",0.908943466172382
"1255","adj_Monitor7_ch20","TRiPsc_F_1","Night",0.916821130676552
"1256","adj_Monitor75_ch19","55690_M_1","Night",0.940454124189064
"1257","adj_Monitor59_ch23","55690_F_1","Night",0.959916589434662
"1258","adj_Monitor59_ch14","55690_F_1","Night",0.987951807228916
"1259","adj_Monitor7_ch2","TRiPsc_F_1","Night",0.905931417979611
"1260","adj_Monitor2_ch22","53328_M_1","Night",0.931417979610751
"1261","adj_Monitor72_ch21","66945_F_1","Night",0.96501390176089
"1262","adj_Monitor18_ch26","80387_M_1","Night",0.941844300278035
"1263","adj_Monitor72_ch10","66945_F_1","Night",0.878822984244671
"1264","adj_Monitor7_ch25","TRiPsc_F_1","Night",0.956441149212234
"1265","adj_Monitor72_ch12","66945_F_1","Night",0.944392956441149
"1266","adj_Monitor60_ch15","66945_M_1","Night",0.952038924930491
"1267","adj_Monitor15_ch11","57380_M_1","Night",0.923308619091752
"1268","adj_Monitor54_ch19","82983_F_1","Night",0.934430027803522
"1269","adj_Monitor20_ch2","57713_M_1","Night",0.891334569045412
"1270","adj_Monitor22_ch7","64498_M_1","Night",0.843836886005561
"1271","adj_Monitor20_ch23","57713_M_1","Night",0.869555143651529
"1272","adj_Monitor6_ch27","53328_F_1","Night",0.921223354958295
"1273","adj_Monitor63_ch28","56014_F_1","Night",0.910565338276182
"1274","adj_Monitor22_ch6","64498_M_1","Night",0.906163113994439
"1275","adj_Monitor60_ch18","66945_M_1","Night",0.972428174235403
"1276","adj_Monitor63_ch8","56014_F_1","Night",0.925625579240037
"1277","adj_Monitor77_ch19","64498_F_1","Night",0.913809082483781
"1278","adj_Monitor24_ch32","TRiPsc_M_1","Night",0.982391102873031
"1279","adj_Monitor67_ch28","57713_F_1","Night",0.964782205746061
"1280","adj_Monitor2_ch8","53328_M_1","Night",0.923076923076923
"1281","adj_Monitor77_ch5","64498_F_1","Night",0.97126969416126
"1282","adj_Monitor73_ch23","57380_F_1","Night",0.973586654309546
"1283","adj_Monitor58_ch8","62872_F_1","Night",0.959221501390176
"1284","adj_Monitor54_ch12","82983_F_1","Night",0.886237256719184
"1285","adj_Monitor77_ch30","64498_F_1","Night",0.884847080630213
"1286","adj_Monitor16_ch5","67422_F_1","Night",0.952734012974977
"1287","adj_Monitor18_ch18","80387_M_1","Night",0.95852641334569
"1288","adj_Monitor67_ch1","57713_F_1","Night",0.931186283595922
"1289","adj_Monitor72_ch5","66945_F_1","Night",0.918674698795181
"1290","adj_Monitor17_ch11","82983_M_1","Night",0.949258572752549
"1291","adj_Monitor56_ch12","62872_M_1","Night",0.957136237256719
"1292","adj_Monitor22_ch2","64498_M_1","Night",0.884615384615385
"1293","adj_Monitor8_ch12","56014_M_1","Night",0.956672845227062
"1294","adj_Monitor20_ch25","57713_M_1","Night",0.957831325301205
"1295","adj_Monitor56_ch29","62872_M_1","Night",0.945088044485635
"1296","adj_Monitor77_ch6","64498_F_1","Night",0.918906394810009
"1297","adj_Monitor17_ch5","82983_M_1","Night",0.918674698795181
"1298","adj_Monitor18_ch30","80387_M_1","Night",0.965477293790547
"1299","adj_Monitor56_ch15","62872_M_1","Night",0.892724745134384
"1300","adj_Monitor1_ch11","67422_M_1","Night",0.92840593141798
"1301","adj_Monitor8_ch1","56014_M_1","Night",0.969647822057461
"1302","adj_Monitor67_ch4","57713_F_1","Night",0.957599629286376
"1303","adj_Monitor18_ch11","80387_M_1","Night",0.979610750695088
"1304","adj_Monitor63_ch32","56014_F_1","Night",0.96501390176089
"1305","adj_Monitor63_ch4","56014_F_1","Night",0.908943466172382
"1306","adj_Monitor22_ch8","64498_M_1","Night",0.947636700648749
"1307","adj_Monitor77_ch2","64498_F_1","Night",0.934198331788693
"1308","adj_Monitor73_ch11","57380_F_1","Night",0.942075996292864
"1309","adj_Monitor56_ch7","62872_M_1","Night",0.856348470806302
"1310","adj_Monitor18_ch8","80387_M_1","Night",0.928174235403151
"1311","adj_Monitor15_ch4","57380_M_1","Night",0.951807228915663
"1312","adj_Monitor56_ch32","62872_M_1","Night",0.947173308619092
"1313","adj_Monitor16_ch25","67422_F_1","Night",0.94578313253012
"1314","adj_Monitor72_ch19","66945_F_1","Night",0.93466172381835
"1315","adj_Monitor22_ch4","64498_M_1","Night",0.911955514365153
"1316","adj_Monitor22_ch21","64498_M_1","Night",0.955282669138091
"1317","adj_Monitor75_ch22","55690_M_1","Night",0.988415199258573
"1318","adj_Monitor8_ch15","56014_M_1","Night",0.942539388322521
"1319","adj_Monitor73_ch16","57380_F_1","Night",0.8709453197405
"1320","adj_Monitor73_ch28","57380_F_1","Night",0.969416126042632
"1321","adj_Monitor77_ch11","64498_F_1","Night",0.917979610750695
"1322","adj_Monitor1_ch24","67422_M_1","Night",0.918443002780352
"1323","adj_Monitor60_ch17","66945_M_1","Night",0.968489341983318
"1324","adj_Monitor59_ch30","55690_F_1","Night",0.985171455050973
"1325","adj_Monitor75_ch5","55690_M_1","Night",0.954124189063948
"1326","adj_Monitor6_ch30","53328_F_1","Night",0.946478220574606
"1327","adj_Monitor63_ch14","56014_F_1","Night",0.843373493975904
"1328","adj_Monitor18_ch13","80387_M_1","Night",0.932344763670065
"1329","adj_Monitor1_ch1","67422_M_1","Night",0.928174235403151
"1330","adj_Monitor59_ch20","55690_F_1","Night",0.933039851714551
"1331","adj_Monitor16_ch24","67422_F_1","Night",0.94114921223355
"1332","adj_Monitor75_ch8","55690_M_1","Night",0.916589434661724
"1333","adj_Monitor2_ch14","53328_M_1","Night",0.943929564411492
"1334","adj_Monitor1_ch23","67422_M_1","Night",0.957831325301205
"1335","adj_Monitor56_ch31","62872_M_1","Night",0.943929564411492
"1336","adj_Monitor8_ch17","56014_M_1","Night",0.906626506024096
"1337","adj_Monitor2_ch5","53328_M_1","Night",0.936746987951807
"1338","adj_Monitor20_ch26","57713_M_1","Night",0.960843373493976
"1339","adj_Monitor77_ch26","64498_F_1","Night",0.873262279888786
"1340","adj_Monitor8_ch29","56014_M_1","Night",0.947173308619092
"1341","adj_Monitor24_ch21","TRiPsc_M_1","Night",0.958989805375348
"1342","adj_Monitor6_ch1","53328_F_1","Night",0.946246524559778
"1343","adj_Monitor16_ch1","67422_F_1","Night",0.91404077849861
"1344","adj_Monitor54_ch8","82983_F_1","Night",0.975208526413346
"1345","adj_Monitor54_ch2","82983_F_1","Night",0.932344763670065
"1346","adj_Monitor1_ch32","67422_M_1","Night",0.862140871177016
"1347","adj_Monitor73_ch18","57380_F_1","Night",0.91404077849861
"1348","adj_Monitor20_ch9","57713_M_1","Night",0.937673772011121
"1349","adj_Monitor17_ch31","82983_M_1","Night",0.901529193697868
"1350","adj_Monitor20_ch14","57713_M_1","Night",0.920759962928638
"1351","adj_Monitor20_ch20","57713_M_1","Night",0.908248378127896
"1352","adj_Monitor58_ch9","62872_F_1","Night",0.925857275254866
"1353","adj_Monitor60_ch19","66945_M_1","Night",0.970574606116775
"1354","adj_Monitor2_ch28","53328_M_1","Night",0.958989805375348
"1355","adj_Monitor1_ch26","67422_M_1","Night",0.910101946246525
"1356","adj_Monitor77_ch16","64498_F_1","Night",0.950185356811863
"1357","adj_Monitor60_ch27","66945_M_1","Night",0.964782205746061
"1358","adj_Monitor73_ch6","57380_F_1","Night",0.896663577386469
"1359","adj_Monitor15_ch31","57380_M_1","Night",0.981232622798888
"1360","adj_Monitor72_ch23","66945_F_1","Night",0.936978683966636
"1361","adj_Monitor2_ch30","53328_M_1","Night",0.933039851714551
"1362","adj_Monitor73_ch9","57380_F_1","Night",0.962233549582947
"1363","adj_Monitor22_ch29","64498_M_1","Night",0.94902687673772
"1364","adj_Monitor5_ch21","80387_F_1","Night",0.918674698795181
"1365","adj_Monitor7_ch19","TRiPsc_F_1","Night",0.935588507877664
"1366","adj_Monitor7_ch8","TRiPsc_F_1","Night",0.964318813716404
"1367","adj_Monitor18_ch7","80387_M_1","Night",0.938832252085264
"1368","adj_Monitor8_ch30","56014_M_1","Night",0.954819277108434
"1369","adj_Monitor54_ch1","82983_F_1","Night",0.981696014828545
"1370","adj_Monitor20_ch13","57713_M_1","Night",0.893419833178869
"1371","adj_Monitor5_ch11","80387_F_1","Night",0.982159406858202
"1372","adj_Monitor2_ch4","53328_M_1","Night",0.947173308619092
"1373","adj_Monitor1_ch5","67422_M_1","Night",0.874420759962929
"1374","adj_Monitor63_ch2","56014_F_1","Night",0.817655236329935
"1375","adj_Monitor24_ch26","TRiPsc_M_1","Night",0.946246524559778
"1376","adj_Monitor8_ch24","56014_M_1","Night",0.94114921223355
"1377","adj_Monitor73_ch29","57380_F_1","Night",0.94902687673772
"1378","adj_Monitor67_ch30","57713_F_1","Night",0.91079703429101
"1379","adj_Monitor5_ch9","80387_F_1","Night",0.927015755329008
"1380","adj_Monitor2_ch21","53328_M_1","Night",0.880676552363299
"1381","adj_Monitor22_ch9","64498_M_1","Night",0.869091751621872
"1382","adj_Monitor2_ch1","53328_M_1","Night",0.958294717330862
"1383","adj_Monitor5_ch23","80387_F_1","Night",0.918443002780352
"1384","adj_Monitor8_ch21","56014_M_1","Night",0.947636700648749
"1385","adj_Monitor6_ch17","53328_F_1","Night",0.965940685820204
"1386","adj_Monitor17_ch17","82983_M_1","Night",0.92840593141798
"1387","adj_Monitor60_ch2","66945_M_1","Night",0.962001853568119
"1388","adj_Monitor24_ch10","TRiPsc_M_1","Night",0.944856348470806
"1389","adj_Monitor5_ch17","80387_F_1","Night",0.946709916589435
"1390","adj_Monitor22_ch27","64498_M_1","Night",0.905931417979611
"1391","adj_Monitor16_ch10","67422_F_1","Night",0.96177015755329
"1392","adj_Monitor17_ch30","82983_M_1","Night",0.961075069508805
"1393","adj_Monitor54_ch22","82983_F_1","Night",0.913577386468953
"1394","adj_Monitor5_ch3","80387_F_1","Night",0.931417979610751
"1395","adj_Monitor59_ch27","55690_F_1","Night",0.93790546802595
"1396","adj_Monitor54_ch17","82983_F_1","Night",0.830861909175162
"1397","adj_Monitor18_ch29","80387_M_1","Night",0.930259499536608
"1398","adj_Monitor63_ch5","56014_F_1","Night",0.90291936978684
"1399","adj_Monitor5_ch2","80387_F_1","Night",0.952502316960148
"1400","adj_Monitor77_ch29","64498_F_1","Night",0.949721964782206
"1401","adj_Monitor58_ch23","62872_F_1","Night",0.883456904541242
"1402","adj_Monitor18_ch2","80387_M_1","Night",0.916357738646895
"1403","adj_Monitor6_ch24","53328_F_1","Night",0.954587581093605
"1404","adj_Monitor16_ch7","67422_F_1","Night",0.878591288229842
"1405","adj_Monitor56_ch2","62872_M_1","Night",0.955282669138091
"1406","adj_Monitor73_ch30","57380_F_1","Night",0.943466172381835
"1407","adj_Monitor67_ch9","57713_F_1","Night",0.954355885078777
"1408","adj_Monitor16_ch18","67422_F_1","Night",0.86144578313253
"1409","adj_Monitor63_ch10","56014_F_1","Night",0.960379981464319
"1410","adj_Monitor67_ch29","57713_F_1","Night",0.943002780352178
"1411","adj_Monitor7_ch9","TRiPsc_F_1","Night",0.937442075996293
"1412","adj_Monitor60_ch1","66945_M_1","Night",0.932344763670065
"1413","adj_Monitor18_ch19","80387_M_1","Night",0.931881371640408
"1414","adj_Monitor77_ch1","64498_F_1","Night",0.976830398517145
"1415","adj_Monitor59_ch9","55690_F_1","Night",0.958063021316033
"1416","adj_Monitor77_ch8","64498_F_1","Night",0.948100092678406
"1417","adj_Monitor59_ch32","55690_F_1","Night",0.97613531047266
"1418","adj_Monitor18_ch22","80387_M_1","Night",0.92678405931418
"1419","adj_Monitor18_ch16","80387_M_1","Night",0.982622798887859
"1420","adj_Monitor22_ch17","64498_M_1","Night",0.978220574606117
"1421","adj_Monitor5_ch27","80387_F_1","Night",0.977293790546803
"1422","adj_Monitor54_ch7","82983_F_1","Night",0.933503243744208
"1423","adj_Monitor60_ch21","66945_M_1","Night",0.948795180722892
"1424","adj_Monitor18_ch12","80387_M_1","Night",0.927942539388322
"1425","adj_Monitor75_ch7","55690_M_1","Night",0.840361445783133
"1426","adj_Monitor67_ch16","57713_F_1","Night",0.883225208526413
"1427","adj_Monitor16_ch26","67422_F_1","Night",0.922845227062094
"1428","adj_Monitor58_ch22","62872_F_1","Night",0.946941612604263
"1429","adj_Monitor63_ch1","56014_F_1","Night",0.966172381835032
"1430","adj_Monitor18_ch4","80387_M_1","Night",0.979610750695088
"1431","adj_Monitor54_ch3","82983_F_1","Night",0.906626506024096
"1432","adj_Monitor54_ch15","82983_F_1","Night",0.886700648748841
"1433","adj_Monitor59_ch31","55690_F_1","Night",0.978452270620945
"1434","adj_Monitor77_ch28","64498_F_1","Night",0.933039851714551
"1435","adj_Monitor20_ch31","57713_M_1","Night",0.938832252085264
"1436","adj_Monitor2_ch13","53328_M_1","Night",0.926088971269694
"1437","adj_Monitor75_ch9","55690_M_1","Night",0.955514365152919
"1438","adj_Monitor63_ch27","56014_F_1","Night",0.959684893419833
"1439","adj_Monitor60_ch20","66945_M_1","Night",0.947636700648749
"1440","adj_Monitor22_ch16","64498_M_1","Night",0.923308619091752
"1441","adj_Monitor16_ch17","67422_F_1","Night",0.853104726598703
"1442","adj_Monitor1_ch21","67422_M_1","Night",0.914967562557924
"1443","adj_Monitor60_ch10","66945_M_1","Night",0.992817423540315
"1444","adj_Monitor20_ch27","57713_M_1","Night",0.950185356811863
"1445","adj_Monitor73_ch25","57380_F_1","Night",0.950880444856348
"1446","adj_Monitor63_ch9","56014_F_1","Night",0.944624652455978
"1447","adj_Monitor77_ch23","64498_F_1","Night",0.945319740500463
"1448","adj_Monitor8_ch32","56014_M_1","Night",0.969416126042632
"1449","adj_Monitor60_ch25","66945_M_1","Night",0.986561631139944
"1450","adj_Monitor17_ch6","82983_M_1","Night",0.965477293790547
"1451","adj_Monitor75_ch25","55690_M_1","Night",0.837117701575533
"1452","adj_Monitor63_ch17","56014_F_1","Night",0.968489341983318
"1453","adj_Monitor16_ch4","67422_F_1","Night",0.929796107506951
"1454","adj_Monitor5_ch28","80387_F_1","Night",0.91404077849861
"1455","adj_Monitor1_ch20","67422_M_1","Night",0.943234476367007
"1456","adj_Monitor24_ch1","TRiPsc_M_1","Night",0.95852641334569
"1457","adj_Monitor67_ch14","57713_F_1","Night",0.913345690454124
"1458","adj_Monitor16_ch12","67422_F_1","Night",0.884847080630213
"1459","adj_Monitor1_ch6","67422_M_1","Night",0.927015755329008
"1460","adj_Monitor54_ch16","82983_F_1","Night",0.860982391102873
"1461","adj_Monitor73_ch24","57380_F_1","Night",0.960379981464319
"1462","adj_Monitor58_ch31","62872_F_1","Night",0.967330861909175
"1463","adj_Monitor77_ch13","64498_F_1","Night",0.930027803521779
"1464","adj_Monitor75_ch4","55690_M_1","Night",0.977293790546803
"1465","adj_Monitor2_ch31","53328_M_1","Night",0.945551436515292
"1466","adj_Monitor58_ch26","62872_F_1","Night",0.915199258572753
"1467","adj_Monitor72_ch17","66945_F_1","Night",0.931881371640408
"1468","adj_Monitor58_ch13","62872_F_1","Night",0.908016682113068
"1469","adj_Monitor56_ch30","62872_M_1","Night",0.859128822984245
"1470","adj_Monitor17_ch18","82983_M_1","Night",0.982854494902688
"1471","adj_Monitor22_ch5","64498_M_1","Night",0.958989805375348
"1472","adj_Monitor20_ch19","57713_M_1","Night",0.933039851714551
"1473","adj_Monitor67_ch19","57713_F_1","Night",0.94740500463392
"1474","adj_Monitor77_ch24","64498_F_1","Night",0.928869323447637
"1475","adj_Monitor54_ch6","82983_F_1","Night",0.924698795180723
"1476","adj_Monitor58_ch12","62872_F_1","Night",0.924235403151066
"1477","adj_Monitor77_ch14","64498_F_1","Night",0.884383688600556
"1478","adj_Monitor18_ch20","80387_M_1","Night",0.916357738646895
"1479","adj_Monitor2_ch15","53328_M_1","Night",0.950880444856348
"1480","adj_Monitor67_ch3","57713_F_1","Night",0.923308619091752
"1481","adj_Monitor5_ch25","80387_F_1","Night",0.901992585727525
"1482","adj_Monitor1_ch3","67422_M_1","Night",0.826691380908248
"1483","adj_Monitor67_ch17","57713_F_1","Night",0.914504170528267
"1484","adj_Monitor77_ch10","64498_F_1","Night",0.869323447636701
"1485","adj_Monitor54_ch10","82983_F_1","Night",0.943466172381835
"1486","adj_Monitor54_ch30","82983_F_1","Night",0.963160333642261
"1487","adj_Monitor18_ch25","80387_M_1","Night",1
"1488","adj_Monitor16_ch3","67422_F_1","Night",0.886237256719184
"1489","adj_Monitor7_ch5","TRiPsc_F_1","Night",0.968489341983318
"1490","adj_Monitor2_ch10","53328_M_1","Night",0.964782205746061
"1491","adj_Monitor8_ch28","56014_M_1","Night",0.946478220574606
"1492","adj_Monitor20_ch17","57713_M_1","Night",0.847544022242817
"1493","adj_Monitor67_ch13","57713_F_1","Night",0.930491195551437
"1494","adj_Monitor5_ch18","80387_F_1","Night",0.944624652455978
"1495","adj_Monitor6_ch9","53328_F_1","Night",0.934893419833179
"1496","adj_Monitor60_ch23","66945_M_1","Night",0.986329935125116
"1497","adj_Monitor2_ch32","53328_M_1","Night",0.959221501390176
"1498","adj_Monitor75_ch31","55690_M_1","Night",1
"1499","adj_Monitor67_ch18","57713_F_1","Night",0.913577386468953
"1500","adj_Monitor16_ch28","67422_F_1","Night",0.887859128822984
"1501","adj_Monitor5_ch5","80387_F_1","Night",0.929101019462465
"1502","adj_Monitor22_ch18","64498_M_1","Night",0.93790546802595
"1503","adj_Monitor56_ch19","62872_M_1","Night",0.980769230769231
"1504","adj_Monitor67_ch31","57713_F_1","Night",0.962696941612604
"1505","adj_Monitor16_ch19","67422_F_1","Night",0.948331788693234
"1506","adj_Monitor67_ch5","57713_F_1","Night",0.943697868396664
"1507","adj_Monitor58_ch14","62872_F_1","Night",0.968257645968489
"1508","adj_Monitor60_ch16","66945_M_1","Night",0.958989805375348
"1509","adj_Monitor67_ch10","57713_F_1","Night",0.892724745134384
"1510","adj_Monitor60_ch24","66945_M_1","Night",0.996987951807229
"1511","adj_Monitor18_ch28","80387_M_1","Night",0.958063021316033
"1512","adj_Monitor16_ch32","67422_F_1","Night",0.81533827618165
"1513","adj_Monitor5_ch24","80387_F_1","Night",0.946246524559778
"1514","adj_Monitor1_ch22","67422_M_1","Night",0.919601482854495
"1515","adj_Monitor5_ch20","80387_F_1","Night",0.963623725671918
"1516","adj_Monitor58_ch2","62872_F_1","Night",0.927479147358665
"1517","adj_Monitor16_ch31","67422_F_1","Night",0.857275254865616
"1518","adj_Monitor22_ch22","64498_M_1","Night",0.85356811862836
"1519","adj_Monitor72_ch8","66945_F_1","Night",0.970342910101946
"1520","adj_Monitor67_ch11","57713_F_1","Night",0.862140871177016
"1521","adj_Monitor75_ch32","55690_M_1","Night",0.930954587581094
"1522","adj_Monitor67_ch8","57713_F_1","Night",0.967562557924004
"1523","adj_Monitor73_ch3","57380_F_1","Night",0.960611677479147
"1524","adj_Monitor5_ch32","80387_F_1","Night",0.873262279888786
"1525","adj_Monitor6_ch31","53328_F_1","Night",0.849397590361446
"1526","adj_Monitor58_ch20","62872_F_1","Night",0.954819277108434
"1527","adj_Monitor5_ch4","80387_F_1","Night",0.935356811862836
"1528","adj_Monitor5_ch26","80387_F_1","Night",0.946246524559778
"1529","adj_Monitor67_ch7","57713_F_1","Night",0.876042632066728
"1530","adj_Monitor1_ch10","67422_M_1","Night",1
"1531","adj_Monitor54_ch18","82983_F_1","Night",0.872103799814643
"1532","adj_Monitor58_ch21","62872_F_1","Night",0.88693234476367
"1533","adj_Monitor73_ch14","57380_F_1","Night",0.953660797034291
"1534","adj_Monitor24_ch11","TRiPsc_M_1","Night",0.97775718257646
"1535","adj_Monitor54_ch11","82983_F_1","Night",0.954819277108434
"1536","adj_Monitor67_ch12","57713_F_1","Night",0.904077849860982
